Date,Product,Quantity,Revenue
2024-03-08,Soap,23,391
2023-01-04,Soap,42,798
2024-06-19,Conditioner,9,927
2023-02-24,Shampoo,44,2552
2023-10-06,Toothpaste,47,1551
2023-03-28,Shampoo,46,2300
2023-09-18,Face Wash,33,2310
2023-10-13,Conditioner,9,1098
2023-04-18,Soap,35,455
2023-04-04,Toothpaste,20,780
2024-04-08,Soap,42,798
2024-04-23,Face Wash,14,1274
2023-06-30,Conditioner,48,4560
2024-06-08,Face Wash,32,2816
2023-07-04,Lotion,45,5985
2023-09-10,Handwash,16,1152
2023-03-04,Toothpaste,20,640
2023-02-11,Lotion,26,3354
2023-08-08,Face Wash,17,1360
2023-04-10,Conditioner,7,861
2023-09-13,Conditioner,30,3510
2024-01-07,Soap,30,510
2023-09-17,Toothpaste,25,1250
2023-05-27,Face Wash,8,720
2024-06-07,Soap,33,594
2023-08-03,Soap,10,200
2023-11-19,Toothpaste,30,960
2024-06-12,Hair Oil,14,1596
2023-11-06,Face Wash,19,1691
2023-11-04,Conditioner,5,580
2024-03-30,Soap,35,525
2024-05-24,Lotion,5,565
2024-03-11,Lotion,23,2852
2023-08-03,Soap,37,666
2024-05-22,Shampoo,18,900
2023-11-28,Hair Oil,50,4150
2024-02-21,Soap,21,252
2023-12-06,Toothpaste,34,1632
2023-05-17,Lotion,43,5848
2023-07-13,Shampoo,8,464
2024-05-30,Face Wash,12,1116
2024-01-11,Toothpaste,18,864
2023-01-09,Toothpaste,11,363
2023-03-08,Lotion,36,5364
2024-02-20,Hair Oil,19,1729
2023-09-17,Soap,45,495
2023-04-11,Face Wash,18,1494
2023-01-17,Handwash,31,2759
2023-03-10,Lotion,9,954
2023-09-18,Conditioner,38,4560
2023-06-06,Conditioner,28,3052
2023-09-24,Conditioner,48,5760
2024-05-07,Lotion,31,3317
2024-06-06,Lotion,13,1768
2024-01-13,Toothpaste,44,2068
2024-06-11,Conditioner,43,5332
2023-04-06,Toothpaste,37,1665
2023-10-07,Hair Oil,44,5236
2024-01-20,Hair Oil,49,5390
2023-02-23,Handwash,48,3984
2023-08-13,Handwash,47,3196
2024-05-07,Toothpaste,23,989
2023-12-23,Shampoo,41,2091
2023-12-16,Toothpaste,21,924
2023-06-17,Shampoo,42,2478
2024-02-29,Soap,23,437
2023-08-25,Conditioner,16,1888
2024-01-27,Conditioner,19,2147
2024-03-11,Handwash,25,2000
2023-06-21,Handwash,11,726
2024-05-03,Lotion,34,3400
2024-02-14,Face Wash,28,2072
2023-03-17,Face Wash,12,1164
2023-10-04,Lotion,49,6223
2023-08-01,Conditioner,42,4662
2023-08-01,Toothpaste,25,875
2023-04-02,Face Wash,45,4500
2023-10-30,Hair Oil,22,2288
2023-05-01,Shampoo,26,1144
2024-06-10,Shampoo,15,600
2024-03-14,Hair Oil,43,4085
2023-08-16,Toothpaste,33,1353
2023-07-05,Soap,12,168
2023-10-02,Conditioner,26,3094
2023-08-20,Soap,38,646
2024-04-14,Shampoo,18,720
2023-09-19,Lotion,7,924
2023-06-21,Toothpaste,11,407
2023-02-22,Face Wash,26,2392
2024-04-17,Toothpaste,35,1400
2023-12-11,Soap,12,144
2023-11-14,Toothpaste,28,868
2023-12-15,Toothpaste,5,170
2024-03-10,Conditioner,17,1819
2023-07-24,Hair Oil,50,5350
2023-01-12,Shampoo,18,900
2023-08-27,Face Wash,39,3744
2024-03-01,Face Wash,29,2523
2023-02-12,Hair Oil,43,3784
2023-04-05,Lotion,34,3536
2024-02-06,Soap,19,342
2023-10-23,Soap,37,703
2024-03-08,Conditioner,32,3712
2023-03-15,Soap,28,560
2024-04-28,Soap,25,500
2023-07-26,Conditioner,25,2250
2024-01-25,Toothpaste,50,2250
2023-12-04,Lotion,26,3770
2023-12-13,Shampoo,38,1634
2024-03-09,Handwash,16,1088
2023-02-19,Lotion,17,2363
2024-06-14,Face Wash,32,2464
2023-01-30,Hair Oil,13,1443
2023-09-20,Face Wash,8,744
2024-01-31,Shampoo,16,688
2023-07-24,Handwash,42,3318
2023-01-21,Shampoo,38,2242
2023-04-18,Shampoo,23,1311
2024-01-25,Conditioner,49,5929
2023-02-08,Shampoo,24,1440
2024-01-30,Hair Oil,6,714
2024-06-23,Shampoo,27,1404
2023-11-01,Hair Oil,23,1978
2023-04-09,Toothpaste,20,840
2023-03-29,Hair Oil,38,3838
2023-11-10,Hair Oil,16,1616
2023-04-28,Handwash,45,3735
2024-04-15,Handwash,30,2100
2024-02-16,Handwash,7,525
2023-05-29,Lotion,46,6164
2023-03-25,Toothpaste,33,1320
2023-09-14,Conditioner,41,5166
2024-05-16,Soap,44,572
2024-06-14,Shampoo,31,1705
2024-01-03,Soap,14,280
2024-06-23,Handwash,28,2296
2023-12-31,Face Wash,41,2993
2024-01-22,Handwash,5,430
2023-09-03,Face Wash,35,2625
2024-02-24,Hair Oil,23,2346
2023-02-18,Soap,50,800
2023-02-13,Handwash,43,3870
2023-02-08,Face Wash,18,1782
2023-06-14,Face Wash,31,2759
2023-11-12,Lotion,33,4356
2023-09-08,Face Wash,9,891
2023-08-29,Face Wash,49,4312
2023-01-10,Handwash,34,2108
2023-01-09,Hair Oil,27,3213
2023-09-03,Lotion,17,2312
2023-09-14,Hair Oil,33,2640
2024-02-26,Shampoo,30,1710
2023-02-18,Soap,44,616
2023-06-19,Hair Oil,43,5160
2023-06-11,Toothpaste,49,2107
2024-06-26,Soap,18,270
2023-05-13,Conditioner,40,4400
2023-04-13,Hair Oil,40,4720
2024-04-22,Lotion,39,3939
2023-09-28,Face Wash,40,3120
2023-05-05,Shampoo,35,1575
2023-09-06,Shampoo,7,315
2023-10-19,Conditioner,10,1190
2023-06-14,Face Wash,30,2160
2023-10-29,Soap,6,78
2023-04-06,Toothpaste,19,608
2024-03-10,Lotion,10,1400
2023-08-12,Toothpaste,11,440
2023-08-30,Lotion,12,1452
2023-12-06,Face Wash,18,1548
2023-07-20,Handwash,22,1386
2023-02-06,Shampoo,26,1118
2023-04-12,Conditioner,49,5537
2023-03-28,Lotion,40,5120
2023-02-07,Lotion,36,4716
2023-04-15,Toothpaste,14,462
2024-06-28,Hair Oil,15,1515
2024-06-20,Shampoo,41,2460
2023-07-05,Handwash,43,2924
2024-06-05,Face Wash,6,516
2023-12-21,Lotion,44,6556
2023-04-27,Handwash,23,1725
2023-07-26,Handwash,46,4048
2024-06-26,Face Wash,20,1400
2024-03-31,Soap,41,738
2023-11-04,Conditioner,31,3255
2023-12-02,Soap,46,874
2024-04-07,Conditioner,47,5499
2023-08-06,Toothpaste,8,344
2023-05-05,Face Wash,32,2368
2023-07-02,Face Wash,17,1258
2023-06-07,Lotion,48,6144
2023-05-01,Handwash,41,2583
2023-11-04,Soap,26,442
2023-07-11,Handwash,8,568
2024-05-31,Soap,22,286
2023-02-10,Handwash,36,2304
2023-12-15,Lotion,41,4592
2024-03-04,Face Wash,35,3290
2023-02-18,Shampoo,28,1148
2023-02-27,Hair Oil,6,624
2024-04-10,Handwash,34,2312
2024-01-01,Lotion,43,4386
2024-04-11,Lotion,23,3220
2023-07-04,Lotion,49,7301
2023-04-20,Conditioner,9,828
2024-04-10,Handwash,26,2106
2024-04-30,Face Wash,45,4050
2024-06-11,Conditioner,28,3136
2024-05-19,Conditioner,23,2783
2023-11-19,Lotion,5,595
2024-05-12,Hair Oil,10,1170
2024-01-31,Toothpaste,15,510
2023-05-05,Handwash,27,1863
2024-02-25,Lotion,8,1080
2023-06-22,Conditioner,9,999
2024-06-18,Conditioner,43,4042
2024-04-02,Toothpaste,18,720
2023-08-17,Lotion,20,2160
2023-11-09,Lotion,36,4536
2023-08-16,Shampoo,38,2166
2023-01-23,Soap,35,560
2023-12-28,Soap,37,629
2024-06-05,Hair Oil,24,2040
2023-11-17,Soap,24,312
2023-11-01,Toothpaste,18,846
2023-03-19,Shampoo,15,600
2023-07-17,Conditioner,44,4708
2024-05-18,Lotion,22,2640
2023-10-24,Shampoo,25,1225
2023-05-20,Toothpaste,33,1023
2023-01-28,Soap,9,144
2023-02-20,Face Wash,6,516
2023-11-05,Toothpaste,27,1323
2024-02-05,Hair Oil,38,4560
2023-03-14,Shampoo,29,1218
2023-01-16,Lotion,24,2496
2023-06-28,Hair Oil,41,3444
2023-12-24,Conditioner,36,3636
2024-04-05,Face Wash,8,640
2023-04-25,Soap,50,950
2024-03-30,Conditioner,49,4900
2024-05-12,Toothpaste,33,1155
2023-10-24,Face Wash,22,1672
2024-06-17,Conditioner,41,4141
2023-06-21,Conditioner,24,2592
2023-04-09,Lotion,45,4860
2023-06-01,Soap,33,462
2024-02-20,Soap,34,578
2023-07-24,Face Wash,39,3588
2023-09-20,Shampoo,15,750
2024-01-04,Face Wash,22,1870
2024-05-22,Handwash,28,2016
2023-04-27,Handwash,7,581
2024-05-04,Shampoo,11,440
2023-03-15,Shampoo,43,2494
2023-02-16,Face Wash,12,1044
2023-06-22,Toothpaste,47,1504
2023-05-15,Conditioner,46,5704
2024-06-04,Hair Oil,47,4794
2023-02-20,Face Wash,25,1750
2024-05-24,Lotion,41,5166
2023-09-20,Lotion,16,2368
2024-04-16,Handwash,32,2144
2023-07-27,Lotion,44,6160
2023-12-22,Handwash,20,1660
2023-05-17,Face Wash,13,1248
2024-06-08,Lotion,41,4879
2024-06-10,Shampoo,12,684
2023-06-09,Hair Oil,12,1224
2023-04-17,Handwash,20,1320
2024-06-17,Conditioner,12,1128
2023-03-27,Face Wash,33,2409
2023-08-02,Conditioner,13,1664
2023-05-12,Soap,24,240
2024-01-03,Conditioner,29,3364
2023-02-06,Soap,33,594
2023-08-14,Conditioner,5,515
2024-03-09,Soap,6,114
2024-02-14,Soap,21,336
2024-02-27,Shampoo,32,1568
2023-12-11,Soap,40,600
2023-02-22,Lotion,25,2950
2023-05-21,Conditioner,37,3774
2024-01-01,Hair Oil,16,1680
2023-07-21,Shampoo,8,480
2023-10-16,Toothpaste,40,1520
2023-02-26,Soap,47,564
2024-01-01,Face Wash,40,3320
2023-12-16,Lotion,31,3689
2023-03-23,Hair Oil,20,1780
2024-04-10,Toothpaste,16,784
2024-05-17,Conditioner,22,2288
2024-06-14,Handwash,40,3320
2023-04-18,Conditioner,26,3250
2023-07-13,Conditioner,13,1651
2024-04-14,Lotion,26,3614
2023-10-03,Soap,48,864
2024-05-08,Shampoo,32,1504
2024-04-25,Conditioner,26,3016
2024-03-20,Shampoo,43,1849
2023-09-28,Conditioner,38,3724
2023-06-11,Conditioner,45,4815
2024-03-22,Hair Oil,48,5424
2024-03-29,Toothpaste,14,602
2023-10-07,Handwash,42,2814
2023-02-02,Face Wash,35,3115
2023-01-21,Hair Oil,46,4094
2023-09-15,Soap,25,400
2024-06-02,Shampoo,39,2145
2023-04-08,Hair Oil,16,1408
2024-01-15,Face Wash,14,1190
2023-10-18,Conditioner,9,1107
2023-05-29,Shampoo,31,1860
2024-01-24,Handwash,5,305
2023-06-30,Handwash,36,2304
2024-03-24,Conditioner,50,5900
2024-04-12,Conditioner,46,5106
2023-02-08,Lotion,46,5704
2024-06-28,Conditioner,33,3927
2024-01-28,Toothpaste,24,792
2024-05-30,Shampoo,23,1219
2024-01-08,Toothpaste,23,989
2023-03-11,Hair Oil,12,1176
2023-10-16,Face Wash,41,3813
2023-08-05,Conditioner,36,4140
2023-07-31,Soap,43,731
2023-03-19,Lotion,49,6370
2023-09-09,Toothpaste,29,1305
2024-06-03,Lotion,35,4900
2023-04-07,Lotion,42,4494
2023-05-30,Toothpaste,26,858
2024-01-26,Shampoo,42,2184
2023-06-05,Hair Oil,10,990
2024-03-08,Soap,34,408
2024-01-02,Shampoo,25,1300
2023-01-13,Face Wash,8,744
2024-05-30,Toothpaste,20,960
2024-01-27,Toothpaste,15,465
2024-02-25,Hair Oil,33,3168
2024-05-17,Toothpaste,32,960
2024-01-16,Handwash,25,2225
2023-02-02,Handwash,33,2871
2023-09-19,Hair Oil,42,4452
2024-03-01,Handwash,20,1280
2024-05-26,Shampoo,25,1475
2023-08-24,Hair Oil,46,3818
2023-03-02,Toothpaste,32,1600
2023-10-22,Toothpaste,29,1276
2024-01-06,Toothpaste,35,1435
2023-04-06,Lotion,7,896
2023-04-14,Handwash,10,820
2023-06-18,Face Wash,47,3854
2023-01-27,Hair Oil,14,1372
2024-06-02,Handwash,25,1500
2024-03-15,Face Wash,48,4224
2023-02-11,Face Wash,15,1335
2023-12-20,Handwash,21,1512
2023-09-14,Shampoo,45,1935
2023-07-15,Conditioner,9,1080
2023-11-14,Toothpaste,20,780
2023-10-13,Toothpaste,13,637
2023-10-20,Toothpaste,17,578
2023-03-13,Face Wash,23,1863
2023-12-19,Toothpaste,15,585
2023-10-09,Soap,19,228
2024-04-24,Toothpaste,21,966
2023-08-07,Hair Oil,18,1764
2023-10-28,Soap,34,476
2023-08-27,Handwash,42,3150
2023-03-12,Toothpaste,23,828
2023-10-13,Toothpaste,34,1394
2024-02-23,Conditioner,8,984
2023-03-31,Shampoo,18,828
2023-11-08,Face Wash,28,2184
2024-04-17,Hair Oil,16,1504
2023-09-16,Conditioner,30,3840
2023-07-09,Handwash,36,2664
2023-08-11,Hair Oil,8,912
2024-05-07,Handwash,49,3675
2023-10-15,Face Wash,40,3320
2023-11-17,Conditioner,34,4318
2023-06-13,Handwash,10,670
2024-02-28,Soap,41,820
2023-04-16,Soap,32,416
2023-07-09,Face Wash,6,528
2024-05-08,Conditioner,39,3939
2023-10-01,Lotion,14,1918
2023-03-21,Shampoo,31,1767
2023-06-08,Lotion,38,4560
2024-04-24,Face Wash,20,1700
2024-04-23,Toothpaste,46,2116
2023-06-05,Lotion,40,5120
2023-06-11,Toothpaste,16,784
2023-09-19,Toothpaste,18,774
2024-03-04,Lotion,47,5969
2023-02-23,Shampoo,46,2622
2023-08-13,Shampoo,17,714
2024-06-03,Handwash,5,325
2023-03-07,Lotion,12,1272
2023-03-21,Hair Oil,29,2929
2023-04-13,Handwash,43,3397
2024-01-13,Handwash,24,2064
2023-01-12,Shampoo,40,2280
2024-02-17,Lotion,46,5750
2024-04-29,Face Wash,23,2254
2023-03-15,Hair Oil,33,3399
2023-12-17,Hair Oil,28,3220
2023-06-06,Handwash,48,3408
2023-11-17,Face Wash,12,1104
2023-01-20,Toothpaste,12,396
2023-02-26,Shampoo,30,1710
2024-06-14,Hair Oil,27,2997
2024-02-03,Soap,38,380
2023-04-16,Handwash,13,806
2023-05-23,Hair Oil,34,4080
2023-01-28,Hair Oil,50,4600
2024-02-25,Toothpaste,11,363
2024-03-07,Face Wash,24,1752
2023-12-07,Hair Oil,48,5712
2023-09-08,Lotion,50,7400
2024-06-06,Hair Oil,37,3996
2023-05-30,Toothpaste,46,1932
2023-08-17,Handwash,13,1053
2023-11-28,Face Wash,24,2376
2024-02-13,Face Wash,20,1540
2023-02-02,Shampoo,22,924
2023-10-04,Conditioner,11,1331
2023-12-22,Soap,31,465
2024-03-05,Face Wash,5,390
2023-11-06,Soap,16,320
2023-05-09,Conditioner,36,3744
2023-07-22,Handwash,33,2739
2023-04-16,Toothpaste,34,1122
2023-08-04,Toothpaste,44,1936
2023-08-17,Soap,20,200
2023-11-14,Hair Oil,16,1600
2023-03-09,Face Wash,11,1056
2023-06-16,Conditioner,22,2772
2023-04-05,Toothpaste,47,1551
2023-07-08,Hair Oil,12,1116
2023-01-17,Hair Oil,27,2835
2023-07-07,Toothpaste,49,2450
2023-04-29,Toothpaste,37,1739
2023-12-18,Handwash,20,1660
2024-02-17,Shampoo,33,1947
2024-06-04,Soap,17,272
2023-03-11,Soap,36,612
2024-04-20,Hair Oil,22,2420
2023-05-18,Handwash,14,840
2023-08-20,Hair Oil,28,3332
2023-05-30,Soap,29,406
2024-02-13,Toothpaste,41,1271
2023-03-30,Handwash,11,803
2023-03-16,Soap,36,720
2023-01-10,Handwash,40,3120
2023-01-21,Toothpaste,14,434
2024-04-22,Face Wash,12,1092
2023-09-18,Handwash,9,540
2023-02-11,Hair Oil,12,1320
2023-05-01,Soap,49,931
2023-10-29,Shampoo,8,320
2023-06-04,Hair Oil,6,546
2023-05-01,Face Wash,5,420
2024-06-07,Face Wash,22,1562
2023-08-17,Handwash,15,1125
2023-04-21,Handwash,9,666
2023-03-03,Lotion,38,3800
2023-02-19,Conditioner,14,1820
2023-11-20,Handwash,13,949
2024-06-07,Handwash,29,1769
2023-03-04,Handwash,18,1350
2023-03-15,Handwash,16,1440
2023-03-27,Face Wash,30,2670
2024-05-18,Lotion,17,2482
2023-03-11,Shampoo,14,742
2024-06-11,Face Wash,46,4324
2024-05-03,Soap,48,624
2023-11-17,Soap,5,55
2023-04-20,Hair Oil,24,2280
2023-08-23,Face Wash,34,3400
2023-11-02,Handwash,26,1924
2023-02-22,Face Wash,23,1886
2023-03-31,Handwash,50,4100
2023-07-11,Toothpaste,15,735
2023-11-13,Face Wash,6,516
2024-03-13,Handwash,19,1273
2023-07-26,Shampoo,26,1066
2024-03-09,Hair Oil,29,2813
2024-01-02,Conditioner,27,2673
2024-03-02,Shampoo,6,306
2023-02-19,Soap,8,88
2024-03-31,Soap,35,560
2023-09-07,Soap,49,735
2023-05-25,Handwash,22,1936
2023-08-05,Face Wash,24,2328
2024-06-10,Hair Oil,21,2163
2023-09-15,Lotion,38,4218
2023-01-08,Lotion,39,5733
2023-04-17,Handwash,44,2816
2023-03-14,Toothpaste,37,1665
2023-06-23,Shampoo,46,2162
2023-02-23,Handwash,31,2201
2024-02-21,Conditioner,18,1674
2024-04-12,Shampoo,22,1320
2023-03-02,Shampoo,28,1512
2023-11-28,Face Wash,29,2871
2023-10-22,Hair Oil,36,2988
2023-06-26,Hair Oil,29,2581
2023-12-24,Toothpaste,20,940
2023-05-07,Face Wash,50,4100
2023-03-03,Face Wash,25,1875
2024-03-24,Face Wash,22,1914
2023-10-07,Soap,29,377
2024-05-13,Conditioner,44,4444
2023-12-05,Soap,30,600
2024-04-27,Conditioner,21,2121
2023-02-02,Hair Oil,25,2625
2023-06-02,Handwash,37,2331
2023-08-12,Hair Oil,15,1530
2023-04-16,Toothpaste,40,1680
2024-03-21,Lotion,25,3450
2023-07-18,Handwash,37,2812
2023-02-16,Shampoo,44,1892
2023-02-28,Toothpaste,24,936
2023-08-27,Soap,14,182
2024-06-06,Shampoo,42,1932
2023-06-16,Shampoo,11,440
2023-09-21,Handwash,39,2886
2024-04-25,Soap,12,144
2023-11-15,Shampoo,49,2156
2023-08-18,Handwash,5,430
2023-02-06,Toothpaste,45,1350
2023-08-30,Conditioner,10,1180
2023-04-26,Handwash,7,609
2023-02-02,Handwash,23,1909
2023-12-04,Lotion,43,5375
2023-01-09,Hair Oil,20,1700
2024-05-15,Soap,15,210
2023-12-21,Toothpaste,45,2205
2023-12-12,Lotion,7,735
2023-11-07,Handwash,5,405
2023-05-04,Shampoo,36,1548
2023-02-27,Conditioner,37,3367
2024-01-20,Conditioner,7,756
2023-05-09,Lotion,27,2754
2024-04-24,Handwash,39,2535
2023-11-25,Hair Oil,33,3465
2024-04-11,Shampoo,30,1620
2023-02-13,Shampoo,20,1000
2024-04-04,Shampoo,16,960
2024-05-27,Face Wash,24,1680
2024-03-02,Hair Oil,39,3471
2023-03-26,Hair Oil,35,3500
2023-07-12,Soap,34,374
2023-04-28,Handwash,47,3948
2024-02-23,Soap,10,100
2024-05-20,Soap,13,208
2024-02-23,Hair Oil,47,5170
2024-02-24,Conditioner,40,3920
2023-11-23,Toothpaste,18,900
2023-11-08,Face Wash,36,2952
2024-02-21,Hair Oil,20,2140
2024-01-30,Conditioner,9,981
2024-01-23,Lotion,21,2499
2024-06-11,Soap,24,408
2023-01-09,Lotion,17,2346
2023-02-16,Shampoo,34,1530
2023-03-17,Shampoo,9,414
2023-02-10,Soap,46,460
2023-11-25,Handwash,39,2652
2023-08-15,Conditioner,34,4182
2023-05-19,Hair Oil,13,1196
2023-08-31,Lotion,47,4794
2023-09-02,Shampoo,41,1927
2024-03-08,Toothpaste,46,1702
2024-03-11,Hair Oil,13,1469
2023-07-18,Face Wash,19,1501
2023-04-09,Toothpaste,19,836
2023-11-23,Face Wash,40,2960
2023-08-08,Shampoo,40,2040
2023-08-26,Lotion,7,707
2023-01-05,Conditioner,7,749
2024-02-06,Face Wash,8,584
2023-10-11,Handwash,7,539
2023-02-25,Handwash,15,1215
2024-01-15,Hair Oil,27,2160
2023-02-12,Hair Oil,9,738
2023-10-21,Toothpaste,29,899
2024-02-10,Hair Oil,6,672
2023-07-31,Handwash,45,2970
2023-12-24,Lotion,28,3108
2023-05-05,Hair Oil,34,2788
2023-12-02,Hair Oil,49,5145
2023-07-30,Shampoo,38,1824
2023-12-21,Lotion,15,1830
2023-01-03,Handwash,7,560
2023-02-12,Shampoo,30,1680
2023-09-05,Hair Oil,47,5170
2023-03-15,Hair Oil,42,3654
2023-04-04,Lotion,39,4017
2023-05-09,Soap,16,304
2023-12-16,Toothpaste,29,1015
2024-01-03,Conditioner,25,2825
2023-12-23,Toothpaste,44,2112
2023-08-26,Soap,34,544
2023-06-04,Face Wash,50,4650
2024-02-01,Face Wash,7,539
2023-12-07,Lotion,5,735
2023-06-22,Soap,15,210
2023-04-11,Soap,50,1000
2024-01-29,Soap,12,168
2023-09-27,Hair Oil,19,1881
2023-05-19,Lotion,20,2400
2023-02-18,Conditioner,35,4305
2024-01-03,Face Wash,14,1358
2023-09-26,Face Wash,29,2407
2024-04-17,Hair Oil,31,3255
2023-06-04,Hair Oil,40,4680
2023-05-19,Toothpaste,50,1550
2023-06-14,Conditioner,33,4191
2023-10-25,Handwash,42,3570
2023-09-02,Soap,43,731
2023-01-16,Handwash,9,621
2024-05-25,Conditioner,34,3774
2023-02-04,Shampoo,10,440
2023-06-04,Toothpaste,9,450
2023-05-03,Lotion,25,2825
2023-09-24,Shampoo,41,2296
2024-01-13,Handwash,8,552
2024-03-10,Shampoo,5,295
2023-12-28,Soap,46,460
2024-04-03,Face Wash,28,2016
2024-05-28,Shampoo,41,1763
2023-04-20,Conditioner,5,525
2023-06-26,Handwash,22,1694
2024-06-03,Conditioner,25,2950
2023-08-06,Soap,38,722
2024-04-02,Soap,11,143
2024-03-29,Hair Oil,24,1920
2023-11-19,Face Wash,26,2158
2023-12-21,Conditioner,43,5590
2024-03-04,Conditioner,23,2645
2023-12-30,Handwash,13,793
2023-05-03,Shampoo,8,400
2023-02-10,Hair Oil,13,1287
2023-07-19,Face Wash,36,3276
2023-10-10,Face Wash,50,4600
2024-03-22,Handwash,45,2700
2023-10-11,Conditioner,5,480
2024-01-12,Shampoo,45,2205
2023-10-17,Hair Oil,18,1728
2023-03-08,Shampoo,12,528
2024-02-25,Face Wash,16,1536
2024-04-18,Handwash,24,1560
2023-08-26,Face Wash,7,679
2023-03-02,Shampoo,40,2200
2024-03-25,Hair Oil,40,3720
2024-04-08,Conditioner,9,819
2024-05-22,Hair Oil,27,2538
2024-06-04,Conditioner,12,1500
2023-11-05,Face Wash,38,3230
2023-07-06,Toothpaste,48,2160
2023-10-29,Hair Oil,22,1980
2024-03-09,Toothpaste,29,1189
2023-05-23,Lotion,24,2424
2023-10-13,Hair Oil,8,880
2023-11-24,Face Wash,27,2214
2023-04-19,Hair Oil,31,3565
2023-02-06,Shampoo,7,357
2023-11-29,Conditioner,48,4944
2024-06-15,Shampoo,25,1425
2023-01-12,Soap,43,688
2023-04-11,Lotion,6,888
2023-10-04,Toothpaste,19,665
2024-04-23,Hair Oil,33,3234
2024-02-19,Face Wash,18,1404
2024-03-12,Soap,11,198
2023-02-05,Toothpaste,45,1755
2023-11-02,Handwash,7,420
2023-04-19,Toothpaste,43,1548
2024-04-23,Handwash,32,2688
2023-11-28,Hair Oil,33,2937
2023-03-12,Handwash,46,3956
2023-08-15,Soap,34,408
2023-06-24,Toothpaste,10,400
2023-05-30,Toothpaste,5,235
2024-02-22,Face Wash,46,3496
2023-03-09,Face Wash,15,1320
2024-05-04,Lotion,44,5544
2024-02-10,Hair Oil,33,3168
2024-03-01,Toothpaste,18,864
2023-10-05,Lotion,24,3072
2024-02-16,Lotion,43,4343
2023-02-08,Conditioner,6,660
2024-06-21,Shampoo,12,564
2023-09-28,Face Wash,31,2635
2024-04-20,Soap,33,528
2024-05-09,Lotion,38,4446
2024-03-04,Lotion,34,4964
2024-05-06,Toothpaste,48,2064
2023-12-01,Handwash,42,3696
2023-07-22,Lotion,14,1890
2023-05-18,Lotion,49,7056
2023-10-21,Handwash,22,1650
2023-08-06,Shampoo,44,2640
2023-10-29,Face Wash,30,2880
2023-03-15,Lotion,18,2412
2024-05-04,Hair Oil,30,2520
2023-02-21,Toothpaste,5,200
2024-05-19,Handwash,42,2772
2023-07-17,Shampoo,39,1638
2023-05-28,Lotion,29,3973
2024-06-26,Handwash,34,2788
2024-04-19,Soap,25,475
2024-04-11,Soap,45,585
2023-09-26,Toothpaste,37,1776
2024-04-08,Conditioner,15,1815
2023-09-13,Face Wash,25,2100
2023-04-01,Hair Oil,15,1530
2024-04-06,Face Wash,5,355
2024-05-26,Soap,10,200
2023-01-28,Lotion,44,6512
2024-04-26,Lotion,29,3654
2024-05-20,Handwash,22,1980
2023-07-08,Toothpaste,35,1190
2023-01-19,Handwash,14,1064
2024-05-12,Toothpaste,11,539
2024-02-24,Conditioner,18,1620
2024-05-25,Handwash,35,2415
2024-04-06,Hair Oil,45,3735
2023-05-29,Shampoo,27,1404
2023-03-28,Face Wash,9,801
2024-01-15,Hair Oil,10,1050
2023-02-26,Soap,14,140
2024-06-04,Shampoo,11,572
2023-03-21,Toothpaste,29,899
2024-04-20,Face Wash,49,4557
2023-08-21,Hair Oil,9,765
2023-04-03,Conditioner,15,1905
2024-01-18,Conditioner,26,2496
2024-06-13,Lotion,34,4522
2024-01-25,Lotion,12,1560
2024-03-31,Handwash,47,3337
2023-07-20,Handwash,37,2960
2024-04-17,Face Wash,39,3705
2023-01-15,Conditioner,38,4522
2023-04-09,Toothpaste,28,952
2024-01-09,Soap,24,264
2023-12-30,Toothpaste,43,1462
2023-05-05,Lotion,37,3811
2024-01-18,Lotion,8,1088
2024-03-24,Hair Oil,37,3293
2023-09-02,Face Wash,34,2448
2023-10-04,Hair Oil,43,4644
2024-05-24,Toothpaste,40,1400
2023-08-23,Toothpaste,16,624
2024-06-26,Lotion,47,5499
2024-04-27,Hair Oil,47,5405
2023-03-04,Soap,39,507
2024-01-31,Hair Oil,41,3895
2024-04-27,Lotion,27,3672
2023-05-27,Toothpaste,24,1152
2023-08-17,Conditioner,34,4420
2024-06-06,Toothpaste,9,378
2023-09-21,Conditioner,12,1284
2024-05-06,Soap,38,684
2024-05-16,Soap,48,576
2024-02-11,Handwash,47,2961
2023-07-15,Shampoo,35,1960
2023-07-23,Handwash,21,1617
2023-02-22,Lotion,7,763
2023-07-03,Handwash,13,923
2023-04-01,Conditioner,46,5382
2024-04-15,Lotion,8,984
2023-07-21,Soap,17,204
2023-10-20,Soap,11,154
2023-05-25,Lotion,49,6174
2023-08-24,Hair Oil,33,3465
2024-05-21,Lotion,43,4429
2023-11-12,Toothpaste,19,703
2023-09-19,Conditioner,18,2070
2024-06-02,Lotion,16,2224
2023-04-13,Soap,34,340
2023-06-23,Soap,49,735
2023-10-03,Hair Oil,34,3774
2023-11-08,Face Wash,25,1825
2023-06-30,Conditioner,30,2880
2024-05-23,Soap,5,55
2024-05-08,Hair Oil,50,4800
2024-02-08,Hair Oil,35,3850
2023-04-26,Toothpaste,39,1443
2024-06-27,Handwash,13,975
2024-03-02,Face Wash,50,3650
2023-07-03,Toothpaste,21,1050
2023-11-25,Lotion,49,4998
2023-09-02,Face Wash,39,3510
2023-03-03,Lotion,23,3289
2024-02-27,Conditioner,29,3422
2023-09-23,Hair Oil,32,3392
2024-05-12,Shampoo,5,210
2023-08-04,Face Wash,21,2037
2023-04-02,Face Wash,40,3400
2024-02-17,Shampoo,22,1078
2023-01-15,Shampoo,44,2244
2023-06-05,Conditioner,8,928
2023-04-13,Handwash,45,2970
2023-02-10,Lotion,24,2736
2024-05-19,Face Wash,33,2772
2024-05-09,Conditioner,21,2646
2023-07-28,Shampoo,24,1320
2023-06-26,Shampoo,26,1248
2024-03-01,Shampoo,33,1782
2023-07-05,Toothpaste,23,1081
2023-02-16,Hair Oil,32,3328
2023-08-02,Face Wash,36,3132
2023-02-01,Lotion,16,1600
2023-11-18,Face Wash,32,2336
2024-01-02,Conditioner,42,4536
2023-06-06,Soap,49,833
2023-12-14,Lotion,13,1430
2024-01-19,Conditioner,25,2825
2023-11-20,Shampoo,35,1400
2023-10-02,Soap,24,312
2023-05-08,Hair Oil,25,2950
2023-11-21,Hair Oil,16,1840
2024-06-29,Toothpaste,26,988
2023-03-15,Hair Oil,34,4080
2023-04-14,Hair Oil,28,2996
2024-02-10,Soap,28,392
2023-09-09,Face Wash,44,4356
2024-05-25,Soap,5,95
2023-06-21,Face Wash,21,1533
2024-03-10,Hair Oil,42,4452
2023-06-01,Shampoo,50,2800
2023-04-13,Handwash,36,2844
2024-06-24,Soap,24,408
2023-08-04,Lotion,46,6762
2024-01-14,Handwash,38,3230
2024-05-15,Face Wash,15,1110
2023-10-28,Hair Oil,16,1488
2023-06-26,Shampoo,43,2451
2023-02-07,Lotion,27,2997
2023-02-09,Lotion,23,2622
2023-08-03,Handwash,44,3784
2024-06-22,Conditioner,50,5950
2023-01-24,Handwash,19,1482
2023-04-11,Conditioner,31,3131
2023-06-24,Conditioner,12,1380
2024-04-30,Soap,44,616
2023-06-21,Handwash,33,2475
2023-04-24,Handwash,27,2349
2023-02-11,Handwash,47,4136
2023-03-07,Shampoo,34,1700
2023-02-04,Soap,13,182
2023-11-08,Toothpaste,10,440
2023-12-04,Toothpaste,49,1960
2023-02-27,Conditioner,9,873
2024-04-24,Conditioner,34,3468
2024-01-29,Toothpaste,20,660
2023-09-04,Handwash,25,1975
2023-04-19,Handwash,9,576
2023-04-19,Shampoo,34,1428
2024-05-17,Face Wash,27,2052
2024-03-26,Hair Oil,46,4094
2023-08-24,Toothpaste,5,150
2023-05-14,Conditioner,10,990
2023-03-14,Lotion,47,6204
2024-03-15,Soap,43,430
2023-06-04,Hair Oil,17,1598
2023-12-29,Conditioner,8,864
2024-02-25,Handwash,23,1380
2024-04-14,Lotion,31,3472
2023-08-10,Hair Oil,34,2754
2024-06-17,Face Wash,25,2375
2024-04-23,Conditioner,38,3724
2023-01-18,Conditioner,49,5929
2023-02-16,Shampoo,37,1554
2023-10-05,Face Wash,5,410
2024-05-03,Soap,44,616
2023-11-19,Toothpaste,17,680
2023-04-16,Toothpaste,45,1530
2023-10-20,Lotion,17,2465
2023-01-20,Soap,22,220
2023-02-18,Handwash,17,1343
2023-06-14,Lotion,35,4585
2024-01-16,Face Wash,19,1596
2023-09-30,Lotion,5,735
2023-03-06,Handwash,36,2556
2024-06-20,Handwash,33,2970
2024-02-21,Handwash,49,4067
2023-07-19,Conditioner,43,4687
2024-01-04,Conditioner,31,3596
2024-02-28,Soap,6,78
2023-05-22,Conditioner,48,5808
2023-03-01,Shampoo,35,1470
2023-10-30,Conditioner,17,1734
2023-02-11,Face Wash,16,1584
2023-11-14,Handwash,40,3240
2023-05-23,Handwash,11,682
2023-03-11,Hair Oil,26,2886
2024-03-11,Shampoo,37,1887
2023-06-09,Conditioner,47,6110
2023-10-18,Lotion,36,3996
2023-01-13,Lotion,39,5187
2023-12-19,Conditioner,29,2784
2023-10-29,Shampoo,47,2162
2023-02-26,Hair Oil,38,4408
2024-01-19,Shampoo,25,1025
2023-09-25,Handwash,35,2905
2024-04-18,Face Wash,6,492
2023-09-16,Face Wash,41,4100
2023-03-04,Toothpaste,28,1092
2023-12-02,Face Wash,26,2080
2023-06-18,Shampoo,25,1400
2024-01-18,Handwash,32,2496
2023-09-06,Shampoo,14,700
2024-05-21,Conditioner,50,5750
2023-08-30,Handwash,42,3276
2023-04-10,Soap,40,680
2023-08-26,Toothpaste,31,1054
2023-02-21,Soap,20,340
2024-01-04,Hair Oil,6,492
2023-03-21,Lotion,37,5550
2023-07-02,Soap,40,680
2023-07-25,Handwash,49,3136
2023-08-20,Handwash,47,3854
2023-11-07,Soap,11,187
2023-12-14,Lotion,44,5896
2024-06-18,Soap,47,893
2024-04-23,Face Wash,38,3382
2024-05-26,Lotion,14,1596
2023-05-17,Toothpaste,7,294
2023-12-21,Toothpaste,40,1240
2023-09-13,Conditioner,48,4464
2023-11-11,Shampoo,43,1763
2024-05-16,Hair Oil,7,728
2023-05-08,Face Wash,33,2409
2024-03-31,Hair Oil,9,837
2024-04-22,Face Wash,12,972
2023-02-07,Soap,27,405
2024-04-20,Handwash,27,2349
2024-06-18,Soap,38,418
2023-12-13,Shampoo,43,2494
2023-09-12,Soap,43,559
2023-03-19,Soap,20,320
2023-03-22,Lotion,10,1130
2024-06-09,Face Wash,24,2352
2023-02-11,Hair Oil,9,909
2023-06-17,Toothpaste,21,1008
2023-12-18,Lotion,38,3914
2023-02-25,Hair Oil,41,3895
2024-03-24,Hair Oil,28,2660
2023-07-10,Toothpaste,41,1435
2023-10-10,Toothpaste,23,897
2023-09-14,Hair Oil,34,3672
2023-04-27,Shampoo,39,1716
2023-08-28,Face Wash,9,630
2023-01-21,Hair Oil,22,1892
2023-09-27,Face Wash,46,3726
2024-05-24,Shampoo,12,612
2023-06-28,Handwash,43,3698
2023-11-03,Face Wash,32,2528
2023-03-22,Lotion,40,5280
2023-02-05,Lotion,21,3045
2023-07-12,Handwash,29,2320
2023-09-24,Handwash,41,2706
2024-06-08,Soap,21,252
2023-11-25,Handwash,7,441
2023-11-01,Soap,17,340
2023-09-30,Shampoo,9,477
2023-02-23,Lotion,16,2368
2023-12-21,Conditioner,5,585
2023-11-11,Face Wash,18,1296
2023-04-09,Lotion,6,774
2024-03-05,Toothpaste,14,546
2023-12-25,Lotion,45,5130
2023-12-21,Lotion,39,5109
2023-07-10,Soap,28,392
2024-02-07,Toothpaste,37,1776
2023-11-30,Toothpaste,46,1886
2023-02-15,Lotion,14,1750
2024-01-08,Face Wash,46,3772
2023-02-12,Face Wash,23,2139
2023-07-13,Soap,41,615
2024-03-24,Face Wash,17,1309
2023-05-27,Face Wash,33,3300
2024-05-01,Face Wash,50,3500
2023-01-29,Face Wash,29,2465
2023-11-14,Conditioner,39,3588
2023-08-03,Conditioner,47,4230
2024-02-14,Conditioner,31,4030
2024-03-25,Face Wash,27,2376
2024-01-21,Shampoo,18,810
2023-09-11,Toothpaste,42,1260
2023-07-10,Hair Oil,30,2970
2024-06-11,Soap,6,90
2024-04-28,Face Wash,16,1552
2024-05-23,Conditioner,40,3800
2023-05-17,Shampoo,31,1302
2024-04-28,Toothpaste,33,1320
2023-12-14,Hair Oil,11,1287
2023-06-10,Soap,25,325
2023-05-14,Face Wash,19,1558
2024-06-14,Hair Oil,45,4050
2023-02-28,Shampoo,29,1305
2023-08-10,Shampoo,23,1196
2023-05-02,Handwash,42,2814
2023-02-03,Conditioner,49,5194
2023-06-13,Shampoo,5,290
2024-06-22,Soap,5,80
2023-06-30,Shampoo,13,741
2024-03-17,Toothpaste,36,1152
2023-07-03,Handwash,27,2052
2023-01-15,Toothpaste,38,1520
2023-10-26,Shampoo,34,2040
2024-04-03,Face Wash,16,1456
2023-09-22,Face Wash,15,1110
2023-09-13,Shampoo,17,850
2024-06-14,Lotion,10,1030
2023-04-22,Lotion,19,2299
2023-08-07,Hair Oil,36,2952
2024-06-11,Toothpaste,30,1020
2024-02-09,Soap,25,475
2023-05-11,Hair Oil,12,1356
2023-08-06,Hair Oil,25,2725
2023-02-15,Lotion,29,3335
2023-04-23,Face Wash,40,3720
2024-06-21,Lotion,41,4182
2023-12-05,Handwash,37,2442
2024-02-07,Handwash,35,2100
2023-08-28,Hair Oil,38,4256
2023-12-19,Handwash,16,1152
2023-07-22,Soap,33,330
2023-07-17,Hair Oil,33,3795
2023-01-08,Toothpaste,16,736
2023-07-14,Conditioner,50,6450
2024-04-15,Soap,28,532
2023-03-02,Soap,36,648
2024-05-08,Toothpaste,30,900
2024-03-12,Conditioner,43,5117
2023-10-07,Handwash,9,621
2023-07-10,Soap,14,140
2023-06-06,Toothpaste,25,850
2023-01-12,Conditioner,34,4148
2024-03-12,Shampoo,40,1760
2024-01-15,Toothpaste,30,1410
2023-10-01,Conditioner,19,2128
2024-05-25,Handwash,31,1891
2023-08-17,Shampoo,32,1312
2023-11-09,Toothpaste,46,1886
2024-01-22,Lotion,39,5577
2024-04-29,Handwash,46,4094
2023-01-15,Soap,20,220
2023-06-22,Lotion,48,6384
2023-02-11,Toothpaste,11,429
2023-10-10,Hair Oil,31,3162
2023-09-23,Handwash,19,1482
2024-05-24,Conditioner,30,3330
2023-12-31,Soap,28,448
2023-08-18,Toothpaste,19,874
2023-01-02,Conditioner,11,1397
2024-03-03,Conditioner,9,999
2024-05-16,Conditioner,43,5332
2023-07-19,Hair Oil,27,2511
2023-03-16,Face Wash,41,3321
2023-01-08,Face Wash,33,2442
2023-12-25,Shampoo,35,1610
2023-02-02,Handwash,49,3430
2023-09-03,Conditioner,44,5368
2023-02-06,Face Wash,26,2288
2024-04-06,Handwash,42,3318
2023-07-29,Shampoo,22,1188
2024-04-18,Soap,21,231
2023-08-18,Toothpaste,17,510
2023-08-17,Toothpaste,45,2250
2024-04-27,Lotion,34,4624
2024-05-08,Face Wash,5,350
2023-05-31,Hair Oil,35,3885
2024-02-17,Lotion,25,3125
2023-06-07,Conditioner,26,3250
2023-03-29,Toothpaste,50,2250
2024-03-07,Conditioner,36,3744
2023-01-09,Face Wash,44,3124
2023-04-09,Lotion,34,3740
2023-09-01,Toothpaste,18,720
2023-04-15,Shampoo,44,1936
2023-02-23,Face Wash,47,3384
2023-07-05,Face Wash,50,4650
2023-05-30,Soap,21,378
2024-05-30,Conditioner,26,2990
2024-05-25,Face Wash,36,2700
2023-02-18,Lotion,44,6028
2023-10-01,Face Wash,30,2880
2023-07-27,Face Wash,48,4224
2023-07-08,Handwash,17,1513
2023-07-14,Toothpaste,28,1316
2024-01-03,Soap,20,300
2023-12-19,Soap,30,300
2023-01-19,Shampoo,9,378
2023-06-09,Lotion,48,7200
2024-06-06,Toothpaste,25,1200
2024-01-16,Shampoo,11,561
2023-01-03,Shampoo,46,1840
2023-08-31,Lotion,38,5092
2024-05-27,Conditioner,10,1260
2024-03-14,Conditioner,39,4524
2024-01-06,Handwash,17,1309
2023-07-09,Toothpaste,48,2064
2023-08-21,Shampoo,36,2052
2023-02-08,Conditioner,44,4576
2023-07-30,Lotion,46,5612
2023-06-18,Soap,5,65
2023-11-07,Hair Oil,45,3870
2023-01-14,Face Wash,25,2400
2023-07-26,Hair Oil,33,3663
2023-05-12,Toothpaste,33,1452
2023-10-18,Toothpaste,22,924
2023-09-06,Hair Oil,45,3645
2024-01-29,Soap,31,558
2023-11-09,Conditioner,50,5200
2024-03-21,Hair Oil,43,4859
2024-06-01,Shampoo,42,1764
2023-11-25,Soap,47,611
2023-03-24,Shampoo,30,1770
2023-09-11,Handwash,5,450
2023-03-05,Lotion,21,2310
2023-01-17,Shampoo,18,936
2024-03-30,Shampoo,45,2340
2023-01-18,Face Wash,10,1000
2023-12-19,Toothpaste,46,1380
2023-04-09,Toothpaste,5,200
2024-01-27,Soap,34,612
2023-12-31,Handwash,16,1264
2023-03-21,Conditioner,32,3424
2024-04-25,Toothpaste,38,1482
2024-04-30,Hair Oil,25,2750
2023-01-06,Face Wash,48,3504
2024-04-17,Toothpaste,13,598
2024-05-25,Soap,14,224
2024-03-20,Toothpaste,9,360
2024-06-21,Toothpaste,14,560
2023-06-22,Hair Oil,49,5684
2023-09-24,Handwash,30,2370
2024-02-28,Shampoo,25,1125
2023-06-04,Toothpaste,38,1368
2023-11-25,Conditioner,38,3534
2023-04-05,Lotion,50,5250
2024-04-16,Hair Oil,25,2175
2023-10-29,Lotion,28,3668
2024-01-24,Soap,10,150
2023-10-30,Handwash,6,414
2023-12-19,Handwash,27,2322
2023-12-30,Face Wash,38,3534
2023-12-02,Conditioner,20,2280
2023-02-23,Handwash,12,1068
2024-01-18,Face Wash,18,1260
2024-06-01,Conditioner,28,3640
2023-06-02,Conditioner,25,3225
2023-03-16,Conditioner,8,1032
2024-01-25,Handwash,21,1575
2023-05-20,Face Wash,28,2520
2023-11-10,Face Wash,19,1425
2023-09-20,Lotion,13,1911
2023-10-03,Hair Oil,19,1672
2023-01-22,Hair Oil,15,1200
2024-03-30,Soap,48,960
2024-05-19,Lotion,13,1404
2023-08-26,Soap,46,644
2024-06-27,Toothpaste,14,504
2024-01-27,Face Wash,28,2492
2024-02-20,Toothpaste,24,816
2023-04-27,Hair Oil,39,4056
2024-03-18,Hair Oil,39,3159
2024-04-28,Face Wash,32,2624
2023-06-30,Toothpaste,15,570
2023-08-23,Toothpaste,46,2162
2023-11-05,Handwash,41,2583
2024-01-30,Shampoo,22,1100
2023-02-15,Handwash,47,4183
2024-02-10,Hair Oil,48,4656
2023-01-13,Hair Oil,42,3990
2024-01-21,Lotion,43,5117
2023-07-03,Handwash,49,3822
2023-12-04,Soap,43,645
2024-05-31,Soap,9,162
2024-06-29,Conditioner,41,4387
2023-11-02,Handwash,31,2728
2023-08-27,Handwash,29,2175
2024-03-14,Lotion,7,973
2024-06-20,Lotion,24,2472
2023-04-16,Lotion,10,1360
2023-05-10,Hair Oil,44,4180
2024-01-07,Soap,26,390
2023-07-11,Conditioner,9,873
2023-06-02,Handwash,14,854
2023-12-21,Face Wash,43,3569
2023-02-27,Soap,19,304
2023-04-20,Handwash,5,440
2023-10-19,Toothpaste,28,840
2023-03-05,Toothpaste,22,968
2023-09-02,Face Wash,15,1305
2024-01-23,Shampoo,27,1269
2023-03-25,Conditioner,35,3920
2023-04-02,Lotion,6,636
2023-05-14,Face Wash,36,3240
2024-06-21,Lotion,33,3828
2024-01-17,Shampoo,8,424
2023-12-31,Shampoo,9,468
2023-04-12,Hair Oil,30,2580
2023-10-26,Shampoo,9,522
2024-01-16,Shampoo,14,658
2023-07-21,Shampoo,10,550
2023-08-17,Handwash,13,1131
2024-06-20,Face Wash,8,640
2023-10-03,Conditioner,37,4292
2023-10-13,Soap,26,286
2023-03-09,Hair Oil,8,656
2023-05-25,Lotion,38,5282
2023-11-05,Face Wash,19,1710
2024-06-21,Shampoo,13,559
2023-03-20,Shampoo,48,1968
2023-06-20,Soap,9,126
2023-05-22,Shampoo,16,816
2023-12-22,Hair Oil,35,2940
2024-02-11,Toothpaste,27,1242
2023-01-05,Face Wash,27,2079
2023-10-02,Soap,25,425
2024-02-07,Shampoo,8,408
2024-05-22,Conditioner,39,4446
2023-06-04,Shampoo,15,765
2023-06-16,Lotion,43,5547
2024-02-05,Conditioner,16,1616
2024-06-05,Handwash,30,1920
2023-03-13,Conditioner,17,1802
2023-04-09,Lotion,8,840
2024-05-02,Toothpaste,26,1014
2023-12-19,Toothpaste,19,893
2023-05-13,Handwash,46,3082
2023-04-21,Hair Oil,29,2784
2024-06-23,Handwash,8,504
2024-01-13,Shampoo,48,2544
2023-02-05,Lotion,37,4292
2023-11-05,Lotion,22,2442
2023-04-11,Shampoo,37,1702
2023-03-18,Face Wash,49,4459
2024-05-07,Handwash,19,1539
2023-04-18,Face Wash,13,1027
2023-04-20,Face Wash,47,3666
2023-10-15,Soap,14,224
2023-08-08,Lotion,19,2356
2023-10-01,Hair Oil,43,4945
2024-04-02,Conditioner,36,3780
2024-05-29,Lotion,34,4998
2023-07-22,Handwash,40,2520
2024-05-12,Conditioner,26,2834
2024-06-25,Conditioner,29,2668
2024-01-02,Shampoo,23,1104
2024-04-28,Lotion,41,4346
2023-10-20,Conditioner,5,450
2023-10-17,Face Wash,39,3081
2023-09-18,Toothpaste,21,777
2023-09-18,Conditioner,36,3996
2023-01-15,Conditioner,36,3888
2024-03-08,Face Wash,21,1848
2024-06-11,Handwash,20,1600
2024-04-02,Hair Oil,7,777
2024-03-25,Toothpaste,31,1302
2023-09-30,Shampoo,24,1344
2023-02-16,Face Wash,28,2408
2023-05-10,Soap,8,80
2023-12-29,Conditioner,39,4329
2023-01-23,Lotion,18,2052
2024-05-15,Hair Oil,20,1780
2023-11-29,Face Wash,7,665
2023-10-31,Hair Oil,19,2128
2023-05-01,Face Wash,9,639
2023-01-09,Conditioner,11,1100
2023-11-13,Toothpaste,47,1927
2024-06-21,Lotion,38,4940
2024-06-23,Hair Oil,6,600
2024-02-07,Shampoo,29,1682
2023-04-20,Soap,38,722
2023-09-14,Toothpaste,32,1216
2023-07-01,Soap,19,190
2023-07-04,Soap,35,560
2023-04-02,Conditioner,8,720
2023-01-25,Handwash,10,700
2023-12-09,Conditioner,46,5382
2023-11-07,Toothpaste,47,2068
2023-04-15,Hair Oil,46,3726
2023-05-21,Face Wash,17,1700
2023-05-24,Toothpaste,32,1024
2024-05-13,Lotion,30,4320
2023-06-27,Shampoo,5,285
2024-04-27,Conditioner,15,1635
2024-01-29,Lotion,14,2100
2023-05-04,Handwash,36,2232
2023-04-25,Handwash,27,1728
2024-02-14,Hair Oil,43,3526
2023-06-04,Shampoo,17,714
2023-11-02,Face Wash,47,3290
2023-10-16,Conditioner,5,470
2023-08-03,Face Wash,17,1343
2023-06-21,Hair Oil,12,1140
2023-10-11,Lotion,25,3275
2024-05-01,Face Wash,13,1170
2023-09-09,Conditioner,10,1290
2023-11-18,Toothpaste,12,360
2023-11-29,Hair Oil,50,5450
2023-05-25,Toothpaste,33,1650
2023-08-27,Handwash,42,2982
2023-11-17,Conditioner,8,1016
2023-04-20,Handwash,7,427
2023-02-09,Conditioner,22,2024
2023-01-15,Shampoo,50,2800
2023-10-01,Toothpaste,18,756
2023-04-11,Shampoo,27,1377
2023-08-07,Hair Oil,17,1377
2023-06-21,Soap,14,252
2024-05-24,Conditioner,15,1890
2024-05-17,Toothpaste,46,2024
2024-03-09,Shampoo,42,2520
2023-11-29,Handwash,7,567
2024-01-19,Shampoo,10,550
2024-06-01,Conditioner,43,4515
2023-08-15,Toothpaste,31,1302
2023-01-26,Face Wash,22,2134
2023-05-16,Lotion,45,4680
2023-11-26,Lotion,47,6110
2023-12-06,Handwash,11,792
2023-01-22,Face Wash,25,2150
2023-06-19,Conditioner,37,3515
2024-05-11,Lotion,10,1290
2023-08-26,Toothpaste,16,592
2023-10-28,Handwash,18,1350
2024-05-28,Face Wash,50,4650
2023-03-30,Conditioner,30,3090
2023-12-21,Lotion,25,3200
2023-10-31,Handwash,25,1600
2024-06-15,Handwash,25,2025
2023-09-19,Hair Oil,30,2670
2023-07-17,Handwash,35,2100
2023-04-15,Hair Oil,22,1892
2023-03-17,Soap,22,418
2024-04-20,Face Wash,38,3648
2023-06-27,Soap,23,460
2023-12-22,Conditioner,45,5085
2023-06-04,Handwash,24,1680
2023-03-09,Handwash,29,2146
2023-11-16,Shampoo,15,750
2023-12-30,Conditioner,20,2320
2023-03-24,Shampoo,36,1476
2023-08-15,Face Wash,10,860
2024-06-24,Face Wash,28,2352
2023-01-12,Toothpaste,15,690
2024-01-11,Face Wash,44,3608
2023-07-25,Handwash,46,3220
2023-01-06,Face Wash,7,616
2024-01-12,Face Wash,10,910
2024-04-08,Hair Oil,26,2912
2024-01-27,Toothpaste,9,405
2023-03-29,Handwash,27,2025
2023-04-12,Soap,32,480
2023-08-09,Soap,42,588
2023-08-08,Shampoo,42,2058
2023-09-14,Soap,36,360
2023-06-02,Soap,22,352
2023-11-27,Lotion,40,4280
2023-10-13,Toothpaste,48,2400
2023-01-13,Soap,13,260
2023-03-24,Face Wash,8,616
2023-06-11,Handwash,17,1071
2023-03-31,Lotion,19,2717
2024-02-02,Face Wash,37,3404
2024-03-07,Handwash,31,2170
2023-11-11,Face Wash,26,2054
2024-05-20,Lotion,39,5382
2023-05-01,Shampoo,30,1590
2023-12-27,Shampoo,9,531
2023-07-04,Conditioner,50,5300
2024-01-20,Face Wash,16,1568
2024-02-02,Shampoo,38,1596
2024-03-07,Hair Oil,38,3534
2023-02-19,Shampoo,15,615
2024-02-08,Lotion,33,4092
2024-02-28,Toothpaste,21,819
2023-05-02,Conditioner,22,2684
2023-01-21,Soap,46,552
2024-03-27,Handwash,13,1014
2024-03-26,Face Wash,31,2170
2023-06-13,Toothpaste,16,608
2023-09-07,Handwash,17,1479
2023-05-12,Shampoo,30,1530
2024-06-04,Face Wash,38,3268
2023-04-08,Toothpaste,47,2303
2023-03-19,Handwash,32,2624
2023-04-09,Toothpaste,30,1170
2024-01-13,Lotion,24,2976
2023-12-18,Conditioner,24,2616
2023-03-28,Face Wash,44,4312
2024-06-27,Soap,31,434
2023-06-29,Face Wash,22,1826
2024-04-03,Toothpaste,7,329
2023-03-28,Conditioner,24,2736
2023-07-18,Shampoo,16,928
2023-06-28,Toothpaste,5,185
2024-02-25,Toothpaste,23,851
2024-02-29,Face Wash,42,3612
2023-01-24,Shampoo,7,406
2023-12-24,Toothpaste,18,612
2023-02-07,Handwash,20,1540
2023-12-21,Lotion,27,3915
2024-01-17,Conditioner,41,4920
2024-05-30,Lotion,48,6912
2023-06-16,Lotion,44,5676
2023-05-24,Handwash,47,3525
2024-05-08,Conditioner,24,2760
2023-12-25,Toothpaste,31,1395
2023-12-24,Shampoo,23,1058
2024-02-13,Shampoo,32,1760
2023-07-06,Hair Oil,45,4455
2023-12-13,Toothpaste,49,1862
2023-06-21,Toothpaste,18,684
2023-02-04,Face Wash,41,3444
2023-10-19,Hair Oil,28,2380
2024-02-25,Hair Oil,6,552
2024-05-26,Soap,8,128
2023-07-24,Toothpaste,47,1645
2023-12-11,Face Wash,45,4410
2023-09-20,Soap,26,494
2023-04-14,Conditioner,43,4429
2023-07-08,Shampoo,21,1134
2023-07-27,Conditioner,26,2652
2023-07-15,Conditioner,25,2575
2023-10-19,Soap,31,496
2023-01-12,Shampoo,21,1239
2023-11-25,Face Wash,49,4067
2023-03-16,Face Wash,14,1218
2023-12-04,Lotion,37,5476
2023-04-22,Shampoo,7,385
2023-03-19,Toothpaste,50,1750
2023-12-25,Face Wash,17,1190
2023-02-14,Hair Oil,27,2808
2024-05-09,Face Wash,11,847
2024-02-08,Soap,30,480
2023-02-20,Soap,47,658
2023-11-18,Toothpaste,25,1075
2024-04-10,Toothpaste,40,1240
2024-02-04,Lotion,20,2800
2023-01-13,Conditioner,5,630
2023-08-27,Hair Oil,13,1144
2023-06-13,Toothpaste,40,1680
2023-05-29,Handwash,42,3318
2024-04-30,Soap,47,658
2023-03-05,Handwash,18,1530
2024-03-09,Shampoo,19,874
2024-05-01,Toothpaste,36,1728
2023-08-02,Face Wash,14,1078
2024-01-05,Soap,29,435
2024-01-22,Shampoo,23,1173
2024-03-01,Lotion,7,889
2024-04-28,Lotion,48,5040
2023-09-13,Toothpaste,20,860
2023-08-12,Soap,39,390
2024-03-16,Lotion,34,4692
2024-06-25,Hair Oil,44,3960
2023-08-12,Soap,16,256
2024-03-22,Conditioner,18,1800
2023-06-29,Handwash,5,440
2024-02-09,Toothpaste,25,1100
2023-10-12,Lotion,22,3256
2023-11-26,Conditioner,28,3108
2023-02-26,Soap,9,90
2023-12-30,Face Wash,14,1386
2024-04-23,Shampoo,35,1435
2023-02-28,Conditioner,32,3168
2023-04-19,Hair Oil,11,1287
2024-04-23,Hair Oil,10,1150
2023-09-13,Shampoo,36,1692
2024-02-26,Conditioner,42,5040
2024-06-21,Face Wash,16,1584
2023-01-28,Handwash,45,3375
2023-10-18,Handwash,11,979
2024-02-20,Soap,25,325
2023-09-06,Hair Oil,32,3040
2023-11-01,Shampoo,27,1269
2024-04-26,Shampoo,27,1566
2023-08-04,Lotion,23,2875
2024-05-01,Lotion,27,2916
2023-10-17,Toothpaste,25,975
2023-05-21,Shampoo,17,867
2023-11-13,Hair Oil,11,1320
2024-01-13,Toothpaste,13,611
2023-11-21,Soap,7,77
2023-07-15,Face Wash,9,792
2023-09-26,Lotion,45,6705
2023-04-22,Toothpaste,38,1406
2023-10-31,Shampoo,50,2050
2023-10-04,Soap,8,80
2023-04-29,Soap,43,731
2023-07-16,Hair Oil,50,4950
2023-08-16,Soap,22,418
2023-01-14,Lotion,46,6394
2024-03-21,Toothpaste,47,1833
2023-09-11,Hair Oil,36,3276
2023-02-19,Handwash,22,1540
2023-09-14,Handwash,16,1072
2023-07-20,Shampoo,50,2250
2023-06-12,Hair Oil,21,2520
2024-06-28,Shampoo,25,1500
2023-05-02,Shampoo,32,1824
2023-11-04,Shampoo,11,660
2023-01-25,Shampoo,35,1680
2024-02-28,Toothpaste,11,495
2024-03-27,Toothpaste,30,1230
2023-05-11,Soap,39,702
2023-11-30,Handwash,40,3120
2023-11-07,Soap,33,627
2023-06-20,Shampoo,20,1020
2023-04-23,Lotion,34,4658
2023-03-20,Shampoo,42,1932
2024-04-08,Lotion,42,4200
2023-06-18,Toothpaste,6,210
2024-06-14,Face Wash,21,2100
2023-07-25,Lotion,40,4360
2023-08-02,Toothpaste,39,1872
2023-11-16,Toothpaste,16,624
2023-07-08,Lotion,39,5811
2023-08-15,Handwash,21,1680
2023-04-22,Soap,10,110
2023-02-08,Toothpaste,34,1326
2023-10-29,Hair Oil,7,770
2024-04-22,Shampoo,29,1624
2024-06-12,Conditioner,47,4230
2023-05-07,Face Wash,18,1404
2024-06-28,Lotion,45,5490
2023-06-06,Hair Oil,24,2784
2023-12-19,Handwash,19,1368
2023-07-25,Conditioner,7,833
2023-11-19,Conditioner,31,3813
2023-03-25,Conditioner,11,1419
2024-01-12,Toothpaste,27,1269
2024-05-28,Shampoo,18,1080
2024-06-04,Toothpaste,31,1116
2024-02-09,Toothpaste,20,680
2024-02-29,Lotion,45,4635
2023-11-30,Face Wash,17,1445
2023-07-31,Hair Oil,13,1469
2023-03-19,Shampoo,42,2478
2023-03-26,Soap,26,364
2024-02-28,Toothpaste,37,1850
2023-11-08,Conditioner,23,2645
2023-02-28,Soap,41,738
2024-04-05,Shampoo,47,2397
2023-06-10,Toothpaste,21,882
2024-03-20,Face Wash,15,1185
2023-05-26,Shampoo,11,638
2024-02-27,Face Wash,46,3910
2023-09-21,Hair Oil,29,2813
2024-01-12,Soap,24,408
2024-02-21,Conditioner,16,2080
2023-10-01,Conditioner,9,1062
2023-02-24,Conditioner,43,4343
2023-03-19,Lotion,13,1404
2023-08-14,Hair Oil,7,721
2023-10-10,Face Wash,47,4418
2024-06-22,Lotion,48,5712
2023-03-29,Soap,22,286
2024-04-30,Handwash,46,4140
2024-04-06,Handwash,38,2964
2023-07-11,Handwash,38,2698
2023-06-15,Conditioner,14,1526
2024-02-08,Hair Oil,22,2112
2023-11-23,Shampoo,28,1344
2024-06-24,Shampoo,29,1392
2023-05-26,Face Wash,43,3010
2023-05-01,Shampoo,12,612
2024-04-04,Face Wash,26,2106
2023-02-02,Handwash,33,2871
2023-06-30,Shampoo,36,1764
2024-03-17,Conditioner,45,4815
2023-03-09,Face Wash,46,4416
2023-04-27,Soap,29,522
2023-04-11,Soap,17,323
2023-02-09,Face Wash,38,3686
2023-09-01,Lotion,49,5292
2024-01-12,Toothpaste,22,836
2023-08-17,Handwash,11,814
2023-08-15,Shampoo,40,1960
2023-07-13,Conditioner,31,4030
2023-05-02,Conditioner,24,2736
2024-06-14,Handwash,20,1700
2024-04-20,Soap,50,500
2024-01-14,Toothpaste,11,396
2023-07-25,Handwash,35,2275
2023-07-28,Hair Oil,46,4554
2024-02-26,Conditioner,20,2080
2023-09-27,Hair Oil,9,1080
2023-06-02,Hair Oil,10,1110
2024-05-23,Toothpaste,26,1040
2023-12-02,Face Wash,40,3840
2024-05-27,Conditioner,50,5950
2023-12-31,Hair Oil,15,1320
2023-11-15,Conditioner,7,742
2023-05-14,Lotion,12,1212
2024-05-03,Lotion,36,4176
2023-07-14,Shampoo,48,2400
2023-12-10,Toothpaste,37,1813
2023-11-29,Hair Oil,32,2752
2023-08-16,Conditioner,14,1512
2023-11-12,Conditioner,23,2277
2024-06-25,Conditioner,11,1089
2023-04-01,Toothpaste,6,186
2024-04-10,Toothpaste,9,423
2024-05-09,Shampoo,14,574
2023-08-06,Shampoo,47,2820
2023-03-01,Shampoo,24,1200
2023-08-10,Shampoo,23,1357
2023-10-04,Hair Oil,38,3952
2023-04-22,Handwash,9,585
2023-09-24,Handwash,43,3569
2023-01-10,Shampoo,32,1664
2023-05-13,Face Wash,32,2336
2023-11-05,Conditioner,26,2574
2024-04-20,Hair Oil,47,5358
2023-10-17,Handwash,23,2070
2023-11-13,Conditioner,20,2240
2024-05-22,Hair Oil,40,4720
2024-03-11,Shampoo,36,1440
2023-10-26,Toothpaste,49,2401
2023-10-25,Soap,37,518
2023-05-24,Shampoo,45,2295
2024-03-11,Shampoo,13,780
2023-02-27,Shampoo,22,1122
2024-01-07,Soap,26,286
2024-05-04,Toothpaste,42,1890
2023-01-24,Conditioner,6,564
2024-02-13,Hair Oil,40,4720
2023-12-21,Toothpaste,42,1722
2023-04-17,Face Wash,7,574
2023-07-03,Hair Oil,40,4080
2023-11-12,Lotion,7,910
2023-11-07,Handwash,14,840
2023-06-06,Face Wash,5,450
2023-08-21,Hair Oil,42,3990
2023-02-04,Hair Oil,6,510
2023-07-26,Toothpaste,44,1408
2023-09-18,Toothpaste,42,1386
2024-03-06,Lotion,29,4031
2024-04-25,Face Wash,19,1786
2023-08-05,Shampoo,28,1680
2023-10-05,Toothpaste,26,1118
2023-04-18,Lotion,45,6705
2023-08-01,Face Wash,24,1872
2023-09-03,Lotion,49,6321
2023-05-06,Face Wash,50,4300
2024-02-15,Soap,31,465
2023-12-16,Soap,18,252
2023-09-23,Handwash,50,3650
2024-04-13,Toothpaste,9,333
2023-08-14,Face Wash,44,4224
2023-11-18,Soap,23,230
2023-02-25,Handwash,50,3500
2024-05-30,Handwash,48,3072
2024-06-27,Face Wash,8,728
2024-04-02,Conditioner,34,4318
2024-03-21,Face Wash,21,1743
2023-03-07,Face Wash,21,2058
2023-07-13,Hair Oil,28,2268
2024-04-30,Conditioner,12,1428
2023-06-17,Handwash,41,3526
2023-05-16,Conditioner,42,3990
2023-03-15,Handwash,26,2210
2023-09-22,Conditioner,47,5029
2024-02-24,Handwash,48,2928
2023-03-02,Shampoo,41,2214
2023-08-14,Handwash,6,396
2023-04-14,Lotion,26,2860
2023-11-01,Soap,37,740
2023-06-21,Handwash,8,712
2023-07-06,Toothpaste,20,660
2024-02-18,Hair Oil,41,4346
2023-08-27,Handwash,26,2340
2023-03-21,Shampoo,36,1872
2023-01-22,Face Wash,46,4232
2024-02-15,Toothpaste,42,2016
2024-06-04,Handwash,9,648
2024-03-14,Lotion,34,4556
2024-05-12,Toothpaste,26,910
2023-04-15,Conditioner,48,4608
2024-05-13,Conditioner,22,2156
2023-06-02,Shampoo,37,2109
2023-03-31,Conditioner,26,3016
2024-05-17,Shampoo,30,1230
2023-01-29,Toothpaste,29,1131
2023-06-02,Handwash,13,1118
2023-12-22,Toothpaste,42,1722
2024-05-03,Toothpaste,16,672
2023-05-06,Lotion,44,5940
2023-07-06,Shampoo,42,2520
2023-01-28,Toothpaste,48,1536
2023-09-25,Hair Oil,28,2828
2023-01-03,Soap,9,90
2023-08-24,Soap,14,168
2023-11-18,Soap,38,456
2023-11-15,Face Wash,32,2720
2023-01-21,Lotion,17,2244
2023-09-22,Toothpaste,41,1271
2024-05-16,Handwash,24,2160
2023-07-04,Soap,48,720
2023-12-25,Face Wash,41,3116
2024-05-05,Soap,11,132
2023-05-10,Face Wash,15,1200
2023-01-15,Conditioner,12,1368
2023-03-06,Handwash,47,3713
2023-06-20,Hair Oil,38,4028
2023-11-01,Soap,30,450
2024-02-14,Face Wash,23,1840
2024-02-03,Soap,20,400
2023-04-23,Handwash,6,522
2024-04-03,Face Wash,47,3384
2023-05-26,Soap,10,110
2024-01-18,Lotion,21,2919
2023-03-13,Face Wash,13,1118
2023-01-08,Conditioner,37,3885
2023-09-03,Conditioner,48,5232
2023-08-15,Handwash,37,3330
2023-06-27,Handwash,16,1120
2024-06-24,Lotion,14,1610
2023-01-11,Toothpaste,13,481
2023-11-30,Lotion,36,3600
2023-07-07,Lotion,35,4970
2023-06-15,Shampoo,40,1920
2023-12-10,Conditioner,31,3906
2023-07-10,Face Wash,23,1794
2023-10-29,Shampoo,30,1680
2023-05-10,Hair Oil,29,2552
2023-06-06,Hair Oil,26,2626
2024-04-16,Soap,39,702
2023-04-28,Soap,34,476
2023-01-14,Conditioner,31,3410
2023-08-11,Shampoo,27,1134
2023-10-02,Lotion,38,4408
2023-07-16,Toothpaste,23,1150
2024-03-28,Handwash,43,3698
2024-04-11,Conditioner,9,927
2024-05-12,Conditioner,48,5664
2023-12-23,Conditioner,13,1261
2024-05-24,Hair Oil,15,1755
2023-11-12,Hair Oil,36,3816
2023-02-02,Shampoo,12,588
2023-12-21,Conditioner,6,582
2023-10-06,Shampoo,5,250
2023-01-25,Shampoo,5,205
2023-01-13,Shampoo,13,585
2024-06-25,Face Wash,25,2400
2023-01-24,Face Wash,35,3360
2024-06-18,Lotion,8,936
2024-05-25,Lotion,38,4940
2023-06-12,Face Wash,22,2178
2023-01-27,Soap,47,846
2023-09-25,Shampoo,42,2394
2023-11-28,Handwash,32,2560
2023-02-01,Conditioner,37,3589
2024-01-24,Toothpaste,16,752
2023-06-01,Shampoo,8,464
2024-03-12,Handwash,41,3280
2024-02-08,Lotion,34,4420
2023-01-29,Soap,17,289
2024-05-18,Hair Oil,34,3094
2023-10-13,Toothpaste,29,957
2024-05-19,Toothpaste,11,462
2024-04-18,Soap,7,105
2023-02-24,Shampoo,17,884
2024-02-17,Lotion,20,2140
2023-10-04,Hair Oil,21,2058
2023-04-30,Face Wash,43,3440
2023-09-07,Lotion,43,4773
2024-04-07,Hair Oil,6,594
2023-02-18,Face Wash,13,1261
2023-03-02,Handwash,15,1020
2024-05-17,Handwash,30,2700
2023-10-19,Hair Oil,5,520
2023-02-25,Shampoo,28,1232
2023-12-12,Face Wash,22,1782
2023-02-25,Face Wash,19,1805
2024-05-14,Hair Oil,23,2001
2024-01-05,Hair Oil,48,4320
2024-05-10,Shampoo,27,1269
2023-06-09,Face Wash,6,576
2023-10-09,Shampoo,33,1980
2024-01-25,Hair Oil,5,545
2023-09-27,Face Wash,18,1332
2024-06-11,Handwash,33,2871
2023-03-19,Face Wash,21,1722
2023-05-31,Conditioner,10,920
2023-09-19,Handwash,42,3738
2023-11-08,Lotion,16,1840
2024-04-15,Conditioner,9,1071
2023-04-30,Shampoo,8,448
2023-09-23,Conditioner,11,1188
2023-11-29,Toothpaste,21,756
2023-11-22,Toothpaste,30,1140
2023-02-25,Conditioner,18,2340
2023-05-11,Handwash,9,693
2023-10-27,Face Wash,10,880
2023-05-31,Shampoo,49,2695
2024-05-09,Toothpaste,12,384
2023-05-20,Toothpaste,23,1058
2024-03-08,Face Wash,41,3567
2023-03-18,Hair Oil,35,2905
2023-05-02,Face Wash,48,3648
2024-05-13,Shampoo,25,1125
2023-05-16,Hair Oil,32,2752
2023-06-23,Face Wash,12,1140
2024-04-15,Hair Oil,24,1968
2023-12-06,Face Wash,14,1036
2023-11-12,Face Wash,41,3567
2023-10-27,Shampoo,18,864
2024-03-13,Lotion,18,1854
2024-05-04,Soap,5,70
2024-05-28,Hair Oil,42,3990
2023-10-09,Handwash,21,1785
2023-07-31,Conditioner,23,2185
2023-04-19,Toothpaste,18,810
2023-06-04,Shampoo,35,2065
2023-02-25,Lotion,49,6468
2023-06-29,Toothpaste,17,612
2024-02-11,Handwash,24,1776
2024-02-17,Conditioner,35,3990
2023-06-15,Shampoo,38,2014
2024-05-30,Lotion,20,2040
2023-04-19,Face Wash,49,3969
2024-02-03,Shampoo,34,1666
2023-08-28,Toothpaste,30,1200
2024-04-09,Handwash,17,1224
2023-07-13,Hair Oil,14,1456
2023-08-20,Face Wash,45,3465
2023-12-13,Conditioner,22,2706
2024-01-28,Toothpaste,34,1564
2023-03-09,Soap,23,322
2023-07-26,Soap,8,128
2024-01-04,Shampoo,33,1617
2023-06-16,Face Wash,40,3360
2023-02-01,Handwash,16,1296
2023-03-25,Toothpaste,35,1680
2024-01-28,Soap,24,384
2024-06-19,Shampoo,31,1860
2023-10-02,Hair Oil,49,3969
2024-04-21,Face Wash,34,2958
2023-11-10,Hair Oil,36,3420
2023-05-05,Face Wash,35,2590
2023-03-31,Toothpaste,24,1176
2024-01-12,Conditioner,8,728
2023-05-08,Soap,45,810
2024-03-14,Soap,37,629
2024-06-12,Conditioner,44,5456
2023-06-20,Conditioner,30,2910
2023-02-14,Shampoo,37,1517
2024-03-27,Toothpaste,8,336
2024-06-21,Lotion,16,2128
2024-01-07,Shampoo,40,2360
2023-10-22,Handwash,36,2844
2023-10-23,Conditioner,8,768
2023-11-05,Handwash,22,1958
2023-08-15,Handwash,49,3528
2023-03-14,Lotion,48,6432
2023-09-05,Face Wash,27,2349
2023-10-19,Hair Oil,44,3784
2023-03-17,Shampoo,17,901
2023-05-30,Conditioner,26,2834
2024-05-28,Shampoo,36,1944
2024-02-29,Shampoo,7,392
2023-09-25,Shampoo,9,522
2024-05-17,Toothpaste,14,462
2024-04-29,Toothpaste,39,1248
2023-10-16,Hair Oil,12,1140
2024-05-30,Toothpaste,26,962
2023-03-22,Handwash,9,639
2024-05-20,Handwash,40,2560
2023-01-11,Handwash,47,2961
2023-11-05,Conditioner,40,3800
2023-06-11,Hair Oil,18,2070
2023-09-05,Toothpaste,11,374
2023-01-20,Shampoo,49,2450
2023-11-10,Soap,50,750
2024-03-28,Conditioner,9,1170
2023-06-01,Shampoo,24,1176
2024-06-20,Conditioner,20,1960
2024-04-12,Hair Oil,21,2163
2023-03-15,Shampoo,30,1620
2023-02-24,Toothpaste,29,1421
2024-01-10,Conditioner,44,4884
2024-03-08,Handwash,42,3108
2024-06-10,Soap,28,560
2024-06-03,Shampoo,30,1800
2023-02-28,Soap,12,120
2023-08-27,Shampoo,20,960
2024-06-26,Soap,50,650
2023-07-10,Soap,25,275
2023-04-29,Face Wash,36,3564
2024-04-28,Soap,38,532
2024-04-17,Soap,5,75
2023-04-14,Toothpaste,8,256
2023-11-01,Soap,24,480
2023-03-26,Shampoo,16,640
2024-04-25,Lotion,27,2997
2024-03-04,Face Wash,48,4320
2023-08-22,Shampoo,8,344
2023-04-01,Face Wash,18,1674
2023-12-28,Conditioner,20,2540
2023-10-24,Shampoo,12,576
2024-05-27,Face Wash,32,2272
2023-03-08,Hair Oil,6,648
2023-09-21,Handwash,32,2112
2023-02-25,Hair Oil,8,872
2024-05-02,Soap,5,80
2024-04-25,Shampoo,23,989
2024-02-24,Face Wash,50,3550
2024-04-29,Handwash,30,2070
2023-10-13,Hair Oil,48,4560
2023-11-25,Hair Oil,43,4644
2023-08-22,Conditioner,11,1034
2023-02-05,Toothpaste,38,1216
2023-06-09,Hair Oil,8,664
2023-08-17,Soap,20,260
2023-12-06,Toothpaste,27,972
2023-11-21,Soap,15,150
2023-10-16,Handwash,10,900
2024-04-04,Face Wash,8,800
2023-03-02,Lotion,49,5047
2023-03-10,Conditioner,47,5875
2023-04-25,Shampoo,35,1505
2023-03-21,Hair Oil,14,1372
2024-04-09,Shampoo,22,1100
2023-03-17,Conditioner,19,1976
2024-06-28,Toothpaste,6,294
2023-01-03,Soap,13,169
2023-09-28,Conditioner,14,1820
2023-01-13,Soap,50,550
2024-01-19,Hair Oil,23,2024
2023-07-20,Hair Oil,29,2494
2023-07-06,Hair Oil,45,4275
2023-07-22,Shampoo,26,1326
2024-04-24,Shampoo,12,576
2023-10-21,Soap,37,444
2023-11-16,Lotion,29,3770
2024-03-06,Soap,8,136
2023-09-19,Shampoo,18,738
2023-12-16,Soap,9,90
2023-04-18,Shampoo,23,1380
2023-03-17,Toothpaste,21,945
2024-01-23,Hair Oil,11,1067
2024-05-26,Handwash,45,3780
2023-11-11,Lotion,30,4470
2024-02-20,Conditioner,36,4284
2023-11-13,Handwash,47,3760
2023-09-15,Lotion,46,6394
2024-05-11,Soap,9,144
2024-04-08,Toothpaste,42,1638
2024-01-01,Handwash,35,2170
2024-03-31,Face Wash,17,1326
2023-10-07,Lotion,44,5764
2024-04-30,Shampoo,14,602
2023-06-06,Conditioner,18,1656
2023-10-06,Shampoo,6,318
2023-12-03,Face Wash,22,1848
2024-01-15,Hair Oil,17,1887
2023-09-10,Face Wash,42,4158
2024-05-14,Hair Oil,14,1470
2023-03-13,Face Wash,24,1944
2023-05-17,Conditioner,12,1260
2023-06-29,Toothpaste,29,1073
2023-06-19,Conditioner,7,777
2024-01-27,Conditioner,8,760
2024-04-22,Toothpaste,19,608
2024-04-30,Shampoo,44,2288
2023-02-02,Lotion,28,3472
2023-05-09,Lotion,21,2142
2023-06-14,Hair Oil,45,3600
2023-06-07,Lotion,42,4788
2024-03-26,Handwash,12,1032
2023-10-24,Hair Oil,12,1020
2024-05-23,Hair Oil,35,4095
2023-11-03,Face Wash,36,3096
2023-10-03,Hair Oil,22,2552
2024-01-31,Handwash,44,3916
2023-06-09,Lotion,33,3333
2023-01-01,Shampoo,22,880
2023-11-27,Handwash,45,3915
2024-01-09,Hair Oil,26,2886
2023-02-09,Soap,20,300
2023-01-21,Face Wash,37,3515
2023-04-18,Toothpaste,39,1833
2023-10-14,Handwash,34,2686
2023-07-24,Shampoo,39,1716
2023-12-30,Lotion,19,2090
2024-05-27,Face Wash,47,3760
2023-08-25,Toothpaste,34,1326
2023-05-20,Conditioner,6,726
2023-09-08,Shampoo,42,1806
2023-07-14,Toothpaste,32,992
2023-11-24,Soap,49,539
2023-09-10,Toothpaste,9,423
2023-12-12,Handwash,34,2822
2024-01-05,Lotion,18,1980
2023-05-29,Conditioner,45,4320
2024-01-29,Hair Oil,9,873
2023-10-26,Lotion,25,3225
2023-07-21,Toothpaste,47,1692
2023-06-30,Lotion,14,1876
2024-03-23,Soap,20,260
2024-01-13,Soap,38,608
2023-11-19,Conditioner,46,5198
2023-12-25,Hair Oil,49,4361
2023-01-24,Lotion,18,2664
2023-07-31,Conditioner,21,2688
2024-01-18,Soap,37,481
2023-01-27,Shampoo,17,731
2023-06-17,Soap,22,396
2024-06-02,Conditioner,35,3500
2024-01-27,Hair Oil,13,1105
2023-01-28,Lotion,18,2394
2024-05-09,Shampoo,14,742
2024-05-06,Shampoo,48,2352
2024-03-22,Hair Oil,47,5593
2024-06-19,Toothpaste,28,1008
2023-11-16,Toothpaste,19,741
2024-06-12,Soap,29,377
2023-08-07,Toothpaste,19,703
2023-06-16,Shampoo,14,700
2024-01-25,Conditioner,41,5166
2023-10-17,Conditioner,11,1342
2024-05-10,Lotion,24,2520
2023-07-24,Toothpaste,27,1215
2024-04-16,Conditioner,33,3993
2023-09-15,Soap,42,714
2023-06-20,Toothpaste,29,1247
2023-04-28,Soap,43,430
2024-03-12,Face Wash,34,3162
2023-05-28,Lotion,8,880
2023-05-28,Face Wash,48,4368
2023-09-08,Toothpaste,10,440
2024-02-20,Lotion,47,6486
2023-04-07,Shampoo,29,1247
2023-11-29,Face Wash,19,1824
2023-11-24,Shampoo,8,448
2024-02-13,Hair Oil,9,927
2024-06-09,Shampoo,36,2052
2023-04-05,Toothpaste,40,1600
2023-04-12,Face Wash,9,702
2024-04-19,Face Wash,30,2310
2023-01-09,Handwash,34,2176
2024-05-05,Handwash,28,1904
2023-07-20,Handwash,44,3784
2024-06-13,Soap,29,551
2023-08-08,Toothpaste,39,1599
2024-01-13,Conditioner,17,1700
2023-05-02,Lotion,31,4309
2024-04-27,Face Wash,24,2232
2024-05-03,Conditioner,47,4982
2024-06-07,Conditioner,39,3549
2023-11-08,Lotion,9,1179
2023-11-10,Soap,16,160
2023-04-05,Handwash,47,3290
2023-11-20,Handwash,44,3036
2024-05-23,Lotion,11,1287
2023-10-27,Soap,15,255
2023-03-26,Soap,26,520
2023-04-13,Soap,30,480
2024-01-12,Shampoo,25,1100
2024-02-14,Lotion,7,819
2024-05-17,Soap,7,140
2023-02-14,Soap,48,576
2023-03-26,Conditioner,26,2730
2024-05-21,Toothpaste,13,429
2024-03-29,Conditioner,13,1651
2024-05-10,Toothpaste,17,731
2023-09-10,Lotion,36,5328
2023-12-08,Hair Oil,17,1513
2023-11-19,Soap,44,572
2023-05-08,Hair Oil,34,3706
2023-04-15,Face Wash,21,2037
2024-03-30,Face Wash,44,4092
2023-10-29,Face Wash,21,1890
2023-12-15,Toothpaste,6,216
2023-02-21,Face Wash,21,2016
2023-09-21,Hair Oil,45,4770
2023-08-02,Hair Oil,31,3534
2024-02-03,Conditioner,36,3420
2024-06-19,Soap,41,738
2023-11-14,Handwash,43,2666
2023-11-03,Handwash,13,1079
2023-11-08,Toothpaste,32,1440
2023-03-19,Lotion,19,2527
2023-05-09,Toothpaste,9,351
2023-10-14,Handwash,23,1495
2023-09-22,Face Wash,15,1440
2023-02-26,Conditioner,45,5670
2024-01-10,Hair Oil,40,4120
2024-03-19,Hair Oil,12,1440
2024-04-27,Shampoo,44,2068
2023-03-03,Shampoo,50,3000
2023-09-24,Shampoo,17,986
2024-01-30,Hair Oil,21,2121
2023-06-17,Hair Oil,34,3128
2024-03-09,Soap,24,264
2023-04-16,Soap,8,120
2024-06-05,Hair Oil,32,2880
2024-05-24,Soap,41,738
2023-12-15,Handwash,42,2856
2023-05-24,Soap,15,255
2023-08-25,Hair Oil,7,770
2023-06-22,Conditioner,11,1331
2023-02-28,Toothpaste,10,380
2023-06-04,Handwash,19,1596
2024-03-10,Hair Oil,37,3700
2023-03-17,Handwash,46,2806
2023-06-17,Hair Oil,40,4480
2024-05-09,Handwash,10,860
2024-05-26,Face Wash,36,2772
2023-10-15,Shampoo,23,1127
2023-01-27,Conditioner,8,1000
2023-12-21,Handwash,36,2844
2023-06-16,Face Wash,45,3420
2023-08-26,Hair Oil,13,1222
2023-07-25,Shampoo,33,1881
2023-07-21,Shampoo,14,700
2024-02-21,Toothpaste,50,1550
2024-01-26,Shampoo,44,2332
2023-04-21,Shampoo,50,2650
2023-11-01,Handwash,44,3872
2024-04-23,Toothpaste,26,962
2023-02-19,Soap,35,455
2024-03-30,Soap,25,375
2023-06-17,Conditioner,23,2553
2024-05-04,Toothpaste,13,572
2023-08-11,Hair Oil,31,3131
2024-05-08,Lotion,47,6580
2024-01-08,Lotion,31,3255
2023-03-05,Face Wash,17,1632
2024-02-05,Hair Oil,32,2816
2024-03-03,Shampoo,11,528
2023-08-30,Handwash,47,2914
2024-01-20,Face Wash,41,3362
2023-11-27,Shampoo,6,348
2024-06-17,Lotion,23,3404
2023-04-02,Shampoo,6,330
2023-03-28,Handwash,25,1925
2023-06-23,Soap,37,703
2024-01-14,Soap,12,216
2023-11-30,Soap,48,672
2024-05-02,Shampoo,47,1927
2023-07-26,Lotion,40,4920
2023-03-10,Face Wash,47,3431
2023-05-07,Conditioner,11,1276
2023-11-07,Conditioner,35,4375
2023-08-29,Shampoo,50,2300
2023-03-08,Handwash,11,847
2024-05-28,Handwash,33,2145
2023-11-12,Face Wash,33,2442
2023-02-21,Toothpaste,31,1333
2023-05-02,Shampoo,10,530
2023-05-08,Conditioner,31,3069
2024-03-21,Face Wash,20,1800
2023-01-14,Soap,22,352
2023-05-11,Face Wash,41,3444
2024-01-02,Soap,16,208
2024-05-22,Handwash,9,567
2023-12-18,Conditioner,21,2247
2023-06-17,Soap,14,266
2023-07-11,Shampoo,8,344
2024-02-02,Handwash,36,2304
2023-07-14,Lotion,39,4797
2023-01-28,Face Wash,22,1650
2024-05-18,Hair Oil,5,535
2023-07-30,Shampoo,49,2352
2024-04-07,Shampoo,28,1120
2024-03-09,Conditioner,47,4559
2023-06-09,Hair Oil,17,1445
2023-06-25,Shampoo,25,1150
2024-06-03,Face Wash,10,930
2024-05-22,Soap,17,340
2023-05-14,Handwash,10,830
2023-03-16,Handwash,44,2904
2023-12-12,Soap,50,650
2023-07-14,Face Wash,38,3230
2024-06-09,Hair Oil,16,1760
2023-09-15,Toothpaste,15,600
2024-01-04,Shampoo,34,1836
2023-07-04,Handwash,8,576
2024-05-15,Face Wash,30,2190
2023-05-14,Hair Oil,33,3432
2024-06-25,Hair Oil,38,3192
2023-12-09,Handwash,11,836
2023-06-06,Toothpaste,22,682
2023-04-02,Toothpaste,26,988
2023-06-09,Toothpaste,23,851
2023-08-11,Toothpaste,30,1080
2023-08-15,Hair Oil,17,1564
2023-04-18,Lotion,35,5215
2023-03-26,Conditioner,13,1560
2024-01-09,Soap,47,893
2023-01-09,Hair Oil,34,4046
2024-05-16,Handwash,8,496
2023-07-29,Hair Oil,11,1111
2023-01-03,Face Wash,13,1066
2024-06-15,Toothpaste,37,1591
2023-12-19,Hair Oil,39,3666
2024-02-08,Conditioner,50,5550
2023-05-01,Hair Oil,18,1476
2023-07-03,Face Wash,45,3150
2023-03-21,Soap,37,666
2023-05-31,Hair Oil,25,2425
2023-04-26,Soap,26,494
2023-05-17,Shampoo,47,2068
2023-09-08,Soap,42,504
2023-09-01,Handwash,35,2345
2024-03-30,Hair Oil,30,2700
2024-02-22,Soap,44,836
2023-06-02,Shampoo,34,1462
2024-01-03,Conditioner,31,3875
2024-01-25,Handwash,20,1620
2023-05-23,Hair Oil,42,4116
2023-05-28,Handwash,15,1020
2023-06-22,Face Wash,48,3504
2024-03-28,Shampoo,36,1980
2024-04-23,Face Wash,33,2640
2023-08-16,Shampoo,35,1820
2023-05-18,Shampoo,17,986
2024-02-05,Hair Oil,20,2080
2023-04-17,Face Wash,17,1411
2024-01-16,Lotion,44,6072
2024-05-06,Face Wash,18,1620
2023-08-30,Lotion,20,2420
2024-03-16,Toothpaste,23,966
2024-01-12,Soap,13,247
2024-02-03,Lotion,14,1876
2023-12-24,Handwash,14,1092
2023-04-12,Face Wash,38,2888
2023-03-09,Handwash,17,1173
2023-01-06,Hair Oil,22,1826
2023-10-17,Handwash,37,2701
2023-07-01,Shampoo,30,1230
2023-02-06,Toothpaste,48,1440
2023-07-28,Hair Oil,43,3741
2023-04-10,Shampoo,20,980
2024-03-04,Soap,35,350
2024-04-11,Face Wash,31,2325
2023-10-07,Soap,42,672
2023-08-18,Hair Oil,25,2975
2024-02-05,Soap,24,456
2024-05-09,Shampoo,19,1102
2023-03-19,Soap,8,88
2023-06-10,Shampoo,44,2640
2023-12-19,Hair Oil,41,3321
2023-08-14,Conditioner,30,3000
2024-01-16,Shampoo,38,1634
2023-10-15,Handwash,41,2583
2023-04-01,Face Wash,14,1302
2023-04-01,Conditioner,44,5676
2023-09-09,Conditioner,41,4633
2023-12-11,Toothpaste,40,1360
2023-05-04,Toothpaste,19,665
2023-06-28,Toothpaste,42,2016
2023-11-01,Lotion,21,2394
2023-05-13,Shampoo,12,648
2024-02-09,Soap,46,644
2023-12-03,Lotion,21,2646
2024-05-13,Lotion,24,2616
2024-04-30,Conditioner,38,3990
2023-12-31,Handwash,22,1826
2023-08-20,Shampoo,32,1472
2023-12-15,Shampoo,9,423
2023-06-13,Lotion,39,5616
2023-05-23,Soap,46,874
2023-12-17,Lotion,32,3328
2023-11-29,Shampoo,43,1849
2023-06-28,Hair Oil,13,1339
2024-01-21,Lotion,17,2533
2023-02-24,Shampoo,48,2880
2023-06-19,Hair Oil,47,4606
2023-07-24,Soap,35,350
2023-07-07,Lotion,15,1860
2023-10-16,Lotion,41,6109
2024-05-16,Soap,6,102
2023-09-07,Face Wash,35,2765
2023-11-06,Handwash,32,2080
2023-11-20,Hair Oil,25,2100
2023-09-10,Lotion,7,931
2023-10-31,Hair Oil,7,805
2024-06-03,Soap,26,338
2023-10-04,Shampoo,29,1218
2023-11-19,Face Wash,39,3861
2024-04-02,Toothpaste,13,533
2024-04-13,Soap,50,500
2023-05-28,Hair Oil,7,819
2024-03-22,Soap,49,833
2023-09-20,Soap,22,220
2023-12-06,Lotion,9,927
2023-03-04,Face Wash,15,1170
2023-09-07,Handwash,5,335
2023-02-19,Shampoo,10,480
2023-08-26,Face Wash,42,3990
2023-12-01,Toothpaste,50,1600
2023-03-21,Hair Oil,30,3090
2023-05-15,Lotion,41,6109
2024-04-26,Lotion,12,1200
2023-01-27,Handwash,20,1620
2023-06-29,Conditioner,42,4158
2023-08-23,Lotion,11,1408
2023-06-12,Handwash,42,3402
2023-07-18,Toothpaste,25,925
2024-02-27,Shampoo,34,1360
2023-02-17,Lotion,46,6302
2023-10-07,Face Wash,5,475
2023-09-09,Conditioner,44,4752
2023-02-07,Shampoo,16,832
2023-12-11,Conditioner,18,2016
2023-02-06,Shampoo,14,770
2024-02-21,Face Wash,36,3456
2023-02-05,Lotion,32,4576
2024-04-13,Lotion,17,2040
2023-03-13,Handwash,20,1440
2023-01-07,Handwash,18,1098
2023-10-20,Handwash,37,2997
2024-03-05,Shampoo,18,882
2023-05-09,Toothpaste,13,468
2024-05-27,Shampoo,26,1144
2023-07-30,Lotion,43,4343
2023-06-25,Face Wash,36,3600
2024-02-28,Hair Oil,49,4165
2023-05-18,Conditioner,9,828
2024-04-02,Handwash,43,3870
2024-01-18,Handwash,22,1408
2023-08-05,Soap,15,270
2023-04-05,Lotion,27,3105
2023-12-24,Shampoo,18,900
2024-05-15,Lotion,45,6525
2024-01-27,Conditioner,48,5040
2023-02-02,Face Wash,20,1960
2023-04-11,Face Wash,12,1092
2023-08-23,Conditioner,39,3627
2024-03-11,Lotion,38,4180
2023-10-14,Lotion,27,4023
2023-10-24,Lotion,29,3625
2024-03-23,Lotion,40,5480
2023-07-07,Face Wash,48,4560
2023-02-08,Handwash,15,1245
2024-02-19,Face Wash,32,2624
2023-05-08,Shampoo,39,1716
2024-01-07,Toothpaste,11,495
2023-03-14,Handwash,29,2059
2024-04-08,Conditioner,11,1386
2023-09-13,Shampoo,47,2021
2023-04-17,Toothpaste,11,539
2023-08-07,Hair Oil,6,588
2023-06-18,Face Wash,43,3268
2024-03-05,Face Wash,35,2765
2024-04-24,Lotion,17,1921
2024-04-24,Soap,24,360
2024-01-13,Toothpaste,49,2401
2023-10-31,Soap,37,592
2024-03-27,Handwash,47,3431
2023-08-24,Toothpaste,6,198
2024-01-13,Toothpaste,47,1833
2023-01-19,Toothpaste,20,620
2024-04-15,Toothpaste,10,350
2023-04-15,Lotion,20,2540
2023-08-21,Conditioner,44,4972
2023-06-26,Face Wash,11,924
2023-01-09,Handwash,39,2379
2023-06-19,Hair Oil,17,1683
2023-12-02,Handwash,35,2240
2023-05-25,Conditioner,49,5194
2024-03-29,Shampoo,12,636
2023-07-29,Face Wash,40,3800
2023-10-01,Hair Oil,14,1680
2024-06-25,Lotion,21,2436
2024-01-10,Soap,20,380
2023-12-22,Shampoo,10,500
2024-06-11,Conditioner,46,4186
2024-06-06,Lotion,19,2299
2024-06-27,Shampoo,30,1290
2024-06-19,Shampoo,45,2115
2023-03-02,Lotion,49,5439
2023-11-29,Shampoo,5,220
2024-03-23,Lotion,39,4485
2023-11-05,Lotion,10,1290
2023-11-02,Hair Oil,19,2128
2023-09-29,Hair Oil,27,2403
2024-02-19,Face Wash,38,3420
2023-01-11,Soap,18,180
2023-03-03,Shampoo,31,1364
2023-05-10,Handwash,29,2030
2023-05-28,Hair Oil,25,2625
2023-04-24,Shampoo,38,2128
2023-09-30,Conditioner,43,4128
2023-05-07,Handwash,16,1312
2023-03-21,Soap,36,432
2023-04-24,Toothpaste,27,972
2023-12-31,Face Wash,20,1600
2023-03-22,Face Wash,40,2960
2023-03-18,Lotion,18,1818
2024-01-11,Lotion,45,5265
2023-01-15,Shampoo,40,2320
2023-05-10,Handwash,9,594
2023-01-13,Toothpaste,7,224
2023-01-05,Shampoo,7,308
2024-05-31,Conditioner,34,3060
2023-05-09,Lotion,13,1573
2023-03-23,Face Wash,9,810
2023-03-02,Shampoo,38,2242
2023-12-26,Conditioner,18,1854
2024-02-15,Lotion,16,1776
2024-03-22,Lotion,9,1305
2023-10-29,Lotion,31,3689
2023-04-17,Lotion,19,2641
2024-05-11,Face Wash,49,4116
2023-01-22,Soap,30,450
2023-05-18,Handwash,38,3116
2023-12-25,Shampoo,49,2450
2024-05-16,Face Wash,15,1125
2023-04-24,Shampoo,49,2548
2024-04-28,Lotion,48,4944
2023-01-10,Handwash,32,2368
2024-01-14,Face Wash,38,3724
2023-07-27,Handwash,9,792
2023-08-28,Soap,45,585
2023-09-23,Hair Oil,42,3696
2023-06-17,Conditioner,30,3510
2024-04-20,Shampoo,16,944
2023-01-30,Shampoo,8,448
2024-02-12,Handwash,38,3002
2023-03-20,Toothpaste,39,1404
2024-04-24,Shampoo,6,306
2023-08-30,Lotion,38,4978
2023-11-21,Lotion,22,2310
2024-03-07,Hair Oil,26,2808
2023-11-06,Soap,45,540
2023-01-31,Conditioner,38,4180
2024-03-03,Toothpaste,36,1440
2023-07-06,Face Wash,7,567
2023-12-19,Lotion,27,3213
2023-04-15,Toothpaste,41,2009
2024-01-20,Toothpaste,39,1833
2024-01-15,Face Wash,48,4176
2023-08-15,Handwash,7,497
2024-04-29,Hair Oil,32,3552
2023-04-16,Shampoo,10,560
2023-01-04,Handwash,5,350
2023-12-22,Face Wash,40,2840
2023-02-13,Shampoo,24,1248
2024-01-21,Conditioner,31,3689
2023-06-03,Hair Oil,15,1395
2023-12-13,Shampoo,46,2300
2024-03-13,Face Wash,5,440
2023-05-29,Hair Oil,15,1785
2024-01-12,Lotion,25,3675
2024-01-29,Toothpaste,32,1120
2024-03-24,Lotion,33,4224
2023-06-28,Hair Oil,7,728
2023-09-01,Face Wash,33,3201
2024-05-08,Lotion,5,640
2023-11-15,Shampoo,11,627
2024-04-24,Face Wash,12,972
2023-08-18,Shampoo,45,1845
2024-06-14,Conditioner,42,4368
2023-06-29,Handwash,24,2088
2024-02-28,Face Wash,43,3225
2023-08-22,Lotion,8,936
2024-02-12,Lotion,21,2352
2023-06-19,Handwash,10,630
2023-05-15,Shampoo,33,1518
2024-03-23,Handwash,37,3182
2023-03-28,Shampoo,29,1653
2023-12-30,Hair Oil,48,5136
2024-03-28,Shampoo,15,630
2024-02-04,Handwash,10,750
2024-01-02,Face Wash,18,1584
2023-03-06,Handwash,46,3726
2023-06-06,Hair Oil,45,5085
2023-02-17,Handwash,7,595
2023-06-14,Toothpaste,12,552
2023-05-27,Soap,32,384
2023-10-14,Hair Oil,26,2132
2023-05-21,Soap,11,198
2023-12-09,Toothpaste,24,1176
2023-02-05,Toothpaste,14,658
2023-06-24,Handwash,23,1840
2023-03-08,Hair Oil,9,999
2023-05-25,Shampoo,43,2193
2024-03-29,Lotion,19,2356
2024-03-01,Handwash,34,2210
2023-06-14,Handwash,29,1740
2023-10-04,Conditioner,35,3675
2023-09-12,Conditioner,19,1881
2023-03-26,Hair Oil,18,1494
2023-12-09,Shampoo,21,882
2023-01-08,Conditioner,39,3783
2024-02-04,Conditioner,28,2800
2023-09-15,Soap,38,608
2023-08-31,Handwash,38,2356
2023-05-21,Soap,39,702
2024-06-16,Toothpaste,23,1012
2024-04-30,Toothpaste,41,1394
2023-10-06,Hair Oil,47,5593
2023-11-26,Hair Oil,41,4141
2023-07-31,Shampoo,39,2301
2024-02-06,Face Wash,37,3626
2023-03-29,Soap,36,468
2024-02-23,Soap,35,595
2023-05-19,Conditioner,39,3783
2024-04-29,Shampoo,48,2208
2023-07-07,Conditioner,16,1952
2023-04-07,Soap,45,675
2024-03-20,Soap,10,130
2024-06-23,Hair Oil,38,3952
2023-02-05,Lotion,5,735
2023-10-15,Handwash,21,1869
2023-07-10,Face Wash,49,4116
2023-08-01,Handwash,7,490
2024-06-22,Toothpaste,37,1628
2024-01-22,Conditioner,39,4719
2024-03-31,Soap,19,209
2023-06-08,Shampoo,8,360
2023-12-07,Face Wash,45,3870
2024-05-06,Hair Oil,31,3720
2023-12-01,Conditioner,24,2400
2023-05-11,Face Wash,37,3700
2023-08-11,Hair Oil,23,2507
2023-10-20,Hair Oil,46,5520
2023-03-18,Shampoo,13,741
2024-02-19,Hair Oil,20,2180
2023-09-24,Soap,20,360
2024-03-30,Toothpaste,46,2116
2023-06-27,Hair Oil,40,3200
2023-07-09,Face Wash,44,3784
2023-01-02,Handwash,38,2394
2023-01-14,Conditioner,30,3720
2023-08-25,Shampoo,41,1804
2023-08-03,Hair Oil,29,3132
2023-09-12,Shampoo,22,1254
2024-05-19,Handwash,28,1988
2023-09-22,Toothpaste,35,1155
2024-03-24,Handwash,46,2898
2023-03-20,Hair Oil,41,4018
2024-03-12,Toothpaste,29,1015
2024-03-06,Soap,23,253
2024-06-12,Hair Oil,14,1666
2023-11-05,Lotion,6,774
2023-09-18,Hair Oil,21,1911
2023-09-06,Face Wash,28,2772
2023-02-23,Soap,36,468
2024-01-23,Hair Oil,36,4320
2023-07-26,Soap,15,240
2024-01-27,Handwash,21,1470
2023-05-18,Handwash,16,1216
2023-10-02,Conditioner,18,1692
2023-10-17,Hair Oil,39,4407
2023-11-12,Soap,18,306
2023-02-20,Face Wash,24,2256
2024-03-13,Shampoo,41,2378
2024-03-14,Hair Oil,39,3159
2023-02-13,Lotion,19,2546
2023-09-26,Shampoo,43,2236
2023-10-03,Hair Oil,8,936
2023-02-12,Lotion,6,618
2024-01-03,Lotion,46,5428
2024-05-08,Handwash,38,2850
2024-06-12,Toothpaste,47,1833
2023-03-26,Face Wash,37,2886
2023-02-03,Shampoo,21,1155
2024-03-15,Handwash,41,2583
2024-05-05,Handwash,10,830
2024-02-26,Lotion,38,4978
2023-05-22,Face Wash,23,1886
2024-04-21,Shampoo,18,900
2023-05-22,Soap,50,950
2023-03-30,Conditioner,21,2247
2023-02-05,Hair Oil,20,2020
2023-04-18,Handwash,44,3784
2024-03-17,Soap,27,378
2023-09-17,Soap,35,595
2023-05-12,Toothpaste,42,1470
2024-04-11,Conditioner,46,4416
2023-05-15,Lotion,17,2295
2024-06-23,Soap,28,504
2023-08-30,Face Wash,15,1395
2023-11-13,Toothpaste,45,1485
2023-05-18,Lotion,23,2737
2024-04-13,Handwash,33,2937
2023-11-23,Toothpaste,8,328
2024-02-13,Face Wash,26,2028
2024-04-21,Face Wash,21,1785
2024-06-04,Face Wash,38,3192
2023-07-08,Toothpaste,8,288
2024-01-07,Face Wash,30,2160
2023-10-12,Face Wash,32,3072
2023-06-15,Lotion,44,5984
2023-12-23,Hair Oil,13,1222
2023-04-29,Face Wash,41,3485
2023-02-22,Soap,45,810
2024-05-31,Conditioner,48,5904
2023-01-06,Soap,35,560
2023-11-25,Toothpaste,19,722
2024-05-24,Handwash,27,1917
2023-03-18,Toothpaste,31,1488
2024-05-11,Handwash,11,726
2023-09-21,Hair Oil,34,2754
2023-10-29,Conditioner,17,2142
2023-08-08,Soap,37,481
2024-04-05,Face Wash,15,1050
2023-01-11,Lotion,32,3744
2024-03-19,Soap,18,234
2023-05-07,Soap,20,320
2023-12-08,Toothpaste,22,726
2023-09-10,Toothpaste,34,1224
2023-09-25,Handwash,16,1312
2023-06-07,Soap,45,810
2024-02-23,Hair Oil,15,1800
2023-04-12,Conditioner,41,4182
2023-11-05,Hair Oil,26,2366
2023-02-20,Face Wash,49,3724
2023-10-28,Conditioner,43,4128
2023-08-17,Toothpaste,32,1472
2023-12-20,Handwash,22,1694
2023-04-06,Lotion,39,5031
2023-07-15,Toothpaste,13,533
2023-02-12,Toothpaste,26,910
2023-02-04,Lotion,13,1729
2024-03-14,Conditioner,36,3780
2024-03-01,Conditioner,39,4953
2023-07-25,Handwash,6,444
2024-02-16,Hair Oil,29,3277
2023-09-02,Handwash,34,2788
2023-06-08,Handwash,11,726
2024-04-08,Handwash,5,320
2023-02-22,Shampoo,46,2254
2024-04-26,Face Wash,50,3650
2023-08-31,Soap,31,527
2024-01-10,Soap,39,780
2023-08-19,Face Wash,25,2400
2024-05-02,Shampoo,6,324
2024-04-07,Shampoo,7,280
2023-10-19,Hair Oil,44,4136
2023-06-16,Face Wash,42,4116
2023-08-20,Handwash,38,3078
2023-03-19,Conditioner,10,1170
2023-12-26,Lotion,37,3996
2023-04-05,Shampoo,33,1947
2024-01-18,Shampoo,12,600
2023-04-06,Handwash,34,2584
2023-07-04,Handwash,38,2812
2023-02-22,Lotion,35,4655
2024-02-08,Toothpaste,24,936
2023-08-19,Lotion,9,1044
2023-10-28,Handwash,9,612
2024-04-30,Face Wash,27,2403
2023-08-28,Face Wash,17,1275
2024-01-09,Soap,30,360
2023-01-05,Soap,15,180
2024-03-12,Shampoo,44,1936
2023-11-05,Face Wash,25,1825
2024-06-10,Soap,33,594
2024-04-01,Shampoo,21,1050
2024-01-03,Shampoo,18,882
2023-02-28,Lotion,36,4644
2024-04-27,Toothpaste,13,611
2023-08-18,Soap,45,675
2023-02-25,Soap,15,165
2023-05-21,Soap,30,570
2024-05-15,Shampoo,12,492
2023-12-22,Toothpaste,19,665
2023-03-04,Handwash,32,2240
2023-09-13,Face Wash,15,1335
2023-07-06,Soap,41,820
2023-05-20,Lotion,6,600
2024-06-07,Toothpaste,14,560
2023-11-22,Soap,26,520
2023-12-29,Soap,32,384
2023-02-11,Conditioner,13,1430
2023-11-07,Shampoo,43,1720
2023-08-03,Lotion,26,3302
2024-03-22,Handwash,37,2553
2023-07-20,Toothpaste,24,1104
2023-05-09,Handwash,25,1550
2024-02-11,Handwash,36,2556
2023-07-29,Lotion,31,3224
2023-12-20,Soap,41,738
2023-11-13,Handwash,20,1300
2023-01-26,Toothpaste,10,340
2023-12-06,Shampoo,12,504
2023-06-03,Toothpaste,16,768
2023-11-11,Face Wash,29,2349
2023-04-26,Conditioner,23,2576
2024-06-12,Hair Oil,25,2950
2024-02-11,Conditioner,36,3744
2024-05-12,Soap,26,520
2023-12-07,Hair Oil,39,4446
2023-02-28,Lotion,18,2142
2023-02-17,Shampoo,47,1880
2024-01-08,Conditioner,6,552
2023-05-07,Face Wash,37,3219
2023-07-26,Soap,25,250
2023-10-10,Conditioner,37,4033
2023-10-02,Handwash,5,390
2023-10-13,Hair Oil,17,1802
2023-01-02,Toothpaste,16,480
2023-06-12,Handwash,18,1170
2024-02-03,Handwash,16,1216
2023-11-13,Toothpaste,7,259
2024-04-30,Toothpaste,39,1677
2024-02-21,Handwash,41,3157
2023-12-31,Toothpaste,35,1505
2024-02-26,Lotion,37,4810
2023-04-02,Shampoo,8,376
2024-05-29,Handwash,12,864
2024-01-11,Soap,24,480
2024-05-05,Face Wash,26,1898
2024-04-10,Handwash,27,2187
2024-04-07,Toothpaste,49,2352
2023-11-25,Soap,30,300
2023-03-03,Soap,32,384
2024-01-07,Lotion,15,1980
2023-07-10,Soap,45,495
2023-02-20,Face Wash,48,3840
2024-05-23,Face Wash,47,4559
2024-06-24,Toothpaste,38,1140
2023-03-29,Hair Oil,16,1696
2024-03-28,Handwash,35,2240
2023-10-04,Handwash,28,2436
2023-05-27,Shampoo,13,741
2024-02-03,Handwash,23,1909
2023-04-29,Face Wash,15,1185
2023-05-13,Hair Oil,15,1515
2023-12-15,Handwash,12,768
2023-01-13,Toothpaste,33,1155
2023-05-22,Hair Oil,49,5096
2023-10-28,Conditioner,44,4532
2023-10-01,Hair Oil,36,3492
2024-03-09,Conditioner,37,4403
2023-10-20,Soap,27,351
2024-03-07,Conditioner,15,1500
2023-03-28,Soap,43,688
2023-05-03,Shampoo,25,1025
2023-10-03,Conditioner,19,1729
2023-03-15,Hair Oil,29,3219
2023-10-25,Hair Oil,45,5400
2023-05-13,Conditioner,30,3450
2023-08-05,Handwash,46,2898
2023-01-21,Face Wash,16,1584
2023-02-11,Shampoo,27,1134
2023-07-23,Shampoo,46,1840
2023-09-30,Shampoo,30,1530
2023-01-31,Soap,31,589
2023-01-04,Handwash,14,910
2023-05-22,Handwash,37,2812
2023-03-05,Soap,11,143
2024-02-01,Toothpaste,30,930
2023-04-20,Soap,16,208
2023-05-07,Face Wash,30,2460
2023-01-07,Soap,19,247
2023-11-08,Toothpaste,49,2058
2023-01-20,Handwash,35,2450
2023-02-25,Face Wash,45,4365
2023-07-22,Lotion,41,6027
2023-06-20,Hair Oil,50,4850
2024-01-21,Soap,39,390
2023-09-07,Shampoo,40,2080
2024-03-24,Soap,13,143
2024-05-27,Hair Oil,46,5474
2024-05-31,Conditioner,50,5000
2024-03-17,Lotion,19,2413
2023-02-13,Shampoo,21,1218
2023-01-18,Conditioner,37,3774
2023-03-13,Lotion,6,792
2023-05-27,Soap,14,266
2023-08-25,Soap,33,429
2023-10-26,Face Wash,33,2607
2023-06-06,Toothpaste,7,343
2023-11-06,Handwash,12,804
2023-11-05,Toothpaste,25,925
2023-11-26,Soap,31,589
2024-03-16,Face Wash,39,3432
2023-11-28,Handwash,23,1817
2024-05-30,Face Wash,38,3800
2023-08-21,Shampoo,35,1855
2024-01-26,Face Wash,28,1988
2023-04-19,Toothpaste,10,460
2024-02-24,Hair Oil,21,2331
2023-12-09,Lotion,46,5198
2023-05-06,Toothpaste,35,1085
2023-11-03,Conditioner,31,3100
2024-01-27,Lotion,13,1508
2024-02-10,Handwash,40,3040
2024-03-15,Toothpaste,18,900
2023-11-26,Soap,30,390
2023-09-04,Soap,39,507
2023-08-27,Handwash,29,2581
2023-09-17,Lotion,14,1596
2024-06-16,Handwash,30,2490
2023-09-15,Shampoo,39,1560
2023-09-27,Lotion,21,2877
2023-03-29,Face Wash,35,3045
2024-05-25,Conditioner,39,4017
2023-09-12,Conditioner,48,5952
2023-12-24,Toothpaste,45,1755
2023-03-15,Toothpaste,48,1872
2024-03-27,Hair Oil,14,1498
2023-07-10,Shampoo,26,1222
2023-04-12,Conditioner,17,1955
2023-07-21,Lotion,44,5412
2023-11-08,Face Wash,38,3572
2023-09-26,Handwash,46,3818
2023-10-12,Face Wash,9,756
2024-01-18,Lotion,42,4494
2024-05-30,Soap,6,72
2023-03-12,Handwash,17,1173
2023-06-10,Handwash,43,3440
2023-04-29,Hair Oil,18,1476
2023-02-26,Handwash,40,3000
2023-02-23,Handwash,15,1005
2023-03-21,Face Wash,34,3332
2023-09-12,Lotion,6,612
2024-02-29,Hair Oil,43,3741
2023-03-24,Shampoo,44,2376
2023-08-22,Toothpaste,15,675
2024-06-27,Soap,32,352
2024-04-30,Toothpaste,43,1849
2024-03-25,Hair Oil,15,1245
2023-11-02,Soap,17,306
2024-04-02,Conditioner,27,3348
2024-06-02,Handwash,22,1628
2023-05-27,Handwash,23,1426
2023-03-08,Shampoo,32,1472
2023-08-11,Toothpaste,38,1254
2023-03-26,Toothpaste,47,1645
2023-03-27,Hair Oil,6,600
2023-11-04,Soap,40,440
2023-11-28,Hair Oil,40,3960
2023-11-21,Toothpaste,21,630
2024-04-06,Lotion,47,6204
2023-08-08,Lotion,7,994
2023-11-27,Hair Oil,34,2958
2024-02-22,Shampoo,30,1560
2024-02-09,Face Wash,19,1748
2024-05-06,Handwash,31,2666
2024-04-25,Soap,17,238
2023-07-10,Lotion,29,3364
2023-07-06,Conditioner,37,4440
2023-08-08,Hair Oil,23,2507
2024-05-14,Hair Oil,40,4680
2024-06-06,Hair Oil,50,5950
2023-02-13,Toothpaste,10,360
2024-02-12,Lotion,46,4784
2023-03-11,Soap,15,180
2024-06-19,Handwash,22,1584
2023-03-13,Hair Oil,36,4284
2024-05-09,Toothpaste,9,279
2023-07-17,Conditioner,47,5969
2023-11-21,Face Wash,24,1920
2024-02-16,Soap,21,378
2023-01-15,Soap,21,399
2024-02-28,Hair Oil,43,3569
2024-04-29,Toothpaste,12,360
2024-05-01,Face Wash,9,810
2024-03-15,Conditioner,14,1750
2023-09-24,Toothpaste,26,1300
2023-12-15,Shampoo,6,252
2024-04-08,Lotion,35,5040
2023-08-26,Conditioner,15,1350
2023-02-02,Face Wash,19,1653
2023-03-20,Shampoo,20,1140
2023-06-10,Handwash,21,1260
2023-08-30,Hair Oil,47,4700
2023-06-04,Shampoo,48,2688
2024-06-09,Soap,14,266
2023-09-12,Hair Oil,30,3180
2023-08-28,Soap,16,320
2023-09-17,Face Wash,45,3690
2024-03-07,Face Wash,24,2352
2024-06-25,Handwash,6,486
2024-01-13,Face Wash,50,3900
2024-02-12,Shampoo,23,1150
2023-07-01,Shampoo,24,1008
2024-03-26,Handwash,38,2964
2023-09-29,Toothpaste,30,1470
2024-04-26,Lotion,40,4040
2024-04-25,Toothpaste,38,1710
2023-08-03,Soap,31,434
2023-07-02,Toothpaste,5,160
2023-11-04,Toothpaste,29,899
2023-11-08,Soap,44,792
2023-05-01,Toothpaste,37,1665
2023-09-05,Hair Oil,9,1053
2023-09-27,Shampoo,22,1056
2023-08-15,Face Wash,20,1740
2024-04-25,Face Wash,9,891
2023-05-15,Soap,34,510
2023-03-11,Handwash,9,639
2023-03-04,Handwash,15,1245
2023-08-16,Shampoo,8,352
2023-11-27,Handwash,41,3444
2024-05-05,Shampoo,17,714
2024-01-23,Shampoo,33,1914
2024-05-16,Hair Oil,50,5450
2023-09-06,Face Wash,13,1144
2024-04-09,Lotion,39,5577
2023-11-16,Lotion,36,4284
2023-03-27,Soap,34,544
2024-05-16,Lotion,20,2500
2023-09-16,Lotion,17,2142
2023-12-12,Toothpaste,31,1116
2023-03-18,Shampoo,44,2156
2024-06-26,Handwash,10,770
2024-05-05,Shampoo,16,704
2024-03-09,Face Wash,40,3960
2024-04-24,Handwash,30,1860
2023-03-19,Soap,13,234
2023-01-14,Toothpaste,34,1598
2024-02-08,Toothpaste,16,784
2023-06-29,Face Wash,43,3311
2023-07-29,Soap,19,323
2023-04-28,Soap,18,288
2023-05-29,Handwash,50,3750
2023-03-11,Shampoo,34,1530
2023-03-06,Soap,7,140
2023-09-01,Face Wash,37,2960
2023-12-21,Lotion,17,1921
2024-02-17,Lotion,27,3969
2024-03-26,Face Wash,21,1638
2023-12-27,Soap,6,102
2023-07-25,Handwash,40,2840
2024-05-12,Handwash,27,1863
2023-11-07,Lotion,21,2751
2024-02-01,Shampoo,7,329
2023-01-22,Lotion,8,848
2023-11-09,Hair Oil,39,4563
2023-04-16,Shampoo,38,2204
2023-04-14,Shampoo,13,559
2023-05-26,Face Wash,48,4032
2024-03-29,Hair Oil,34,3910
2024-06-07,Conditioner,24,2496
2024-05-03,Hair Oil,46,5014
2024-04-23,Hair Oil,19,1748
2023-09-14,Soap,44,704
2023-11-07,Shampoo,25,1375
2024-03-30,Conditioner,15,1470
2023-08-05,Hair Oil,41,3731
2024-06-07,Face Wash,6,420
2023-08-20,Shampoo,30,1470
2024-03-23,Soap,46,828
2024-03-16,Lotion,8,984
2024-03-17,Lotion,37,4662
2023-04-11,Soap,5,80
2023-04-28,Soap,46,552
2023-04-10,Toothpaste,28,1064
2023-08-17,Face Wash,15,1230
2024-03-19,Conditioner,11,1122
2023-10-26,Hair Oil,24,2808
2024-05-07,Hair Oil,45,5265
2024-04-03,Toothpaste,20,900
2023-02-08,Toothpaste,33,1155
2023-06-04,Handwash,12,792
2024-04-09,Handwash,45,3105
2023-11-26,Conditioner,37,3959
2023-06-11,Toothpaste,42,1512
2023-06-22,Soap,33,363
2023-05-24,Face Wash,47,4042
2023-07-06,Toothpaste,18,828
2023-08-14,Face Wash,9,729
2024-01-24,Handwash,50,4450
2023-04-07,Handwash,21,1344
2023-11-02,Hair Oil,31,2480
2023-12-05,Lotion,33,3960
2023-06-29,Hair Oil,28,2632
2023-09-15,Lotion,13,1729
2024-04-22,Shampoo,39,2340
2024-05-08,Conditioner,35,4375
2024-02-02,Hair Oil,32,2848
2024-02-24,Hair Oil,47,5358
2023-03-10,Face Wash,35,3080
2023-06-27,Conditioner,7,791
2023-03-06,Hair Oil,20,2060
2024-06-15,Hair Oil,29,2929
2023-03-10,Handwash,19,1387
2023-09-03,Face Wash,49,4900
2024-04-12,Face Wash,33,2508
2023-09-22,Face Wash,16,1568
2023-03-20,Soap,35,490
2023-03-15,Face Wash,34,2516
2024-06-01,Shampoo,39,2340
2024-03-13,Conditioner,15,1650
2024-04-27,Conditioner,37,4625
2024-04-19,Toothpaste,24,936
2023-03-17,Conditioner,8,824
2023-11-14,Handwash,33,2937
2023-01-28,Toothpaste,13,559
